canton,"2012,01,01","2012,01,02","2012,01,03","2012,01,04","2012,01,05","2012,01,06","2012,01,07","2012,01,08","2012,01,09","2012,01,10","2012,01,11","2012,01,12","2012,01,13","2012,01,14","2012,01,15","2012,01,16","2012,01,17","2012,01,18","2012,01,19","2012,01,20","2012,01,21","2012,01,22","2012,01,23","2012,01,24","2012,01,25","2012,01,26","2012,01,27","2012,01,28","2012,01,29","2012,01,30","2012,01,31","2012,02,01","2012,02,02","2012,02,03","2012,02,04","2012,02,05","2012,02,06","2012,02,07","2012,02,08","2012,02,09","2012,02,10","2012,02,11","2012,02,12","2012,02,13","2012,02,14","2012,02,15","2012,02,16","2012,02,17","2012,02,18","2012,02,19","2012,02,20","2012,02,21","2012,02,22","2012,02,23","2012,02,24","2012,02,25","2012,02,26","2012,02,27","2012,02,28","2012,02,29","2012,03,01","2012,03,02","2012,03,03","2012,03,04","2012,03,05","2012,03,06","2012,03,07","2012,03,08","2012,03,09","2012,03,10","2012,03,11","2012,03,12","2012,03,13","2012,03,14","2012,03,15","2012,03,16","2012,03,17","2012,03,18","2012,03,19","2012,03,20","2012,03,21","2012,03,22","2012,03,23","2012,03,24","2012,03,25","2012,03,26","2012,03,27","2012,03,28","2012,03,29","2012,03,30","2012,03,31","2012,04,01","2012,04,02","2012,04,03","2012,04,04","2012,04,05","2012,04,06","2012,04,07","2012,04,08","2012,04,09","2012,04,10","2012,04,11","2012,04,12","2012,04,13","2012,04,14","2012,04,15","2012,04,16","2012,04,17","2012,04,18","2012,04,19","2012,04,20","2012,04,21","2012,04,22","2012,04,23","2012,04,24","2012,04,25","2012,04,26","2012,04,27","2012,04,28","2012,04,29","2012,04,30","2012,05,01","2012,05,02","2012,05,03","2012,05,04","2012,05,05","2012,05,06","2012,05,07","2012,05,08","2012,05,09","2012,05,10","2012,05,11","2012,05,12","2012,05,13","2012,05,14","2012,05,15","2012,05,16","2012,05,17","2012,05,18","2012,05,19","2012,05,20","2012,05,21","2012,05,22","2012,05,23","2012,05,24","2012,05,25","2012,05,26","2012,05,27","2012,05,28","2012,05,29","2012,05,30","2012,05,31","2012,06,01","2012,06,02","2012,06,03","2012,06,04","2012,06,05","2012,06,06","2012,06,07","2012,06,08","2012,06,09","2012,06,10","2012,06,11","2012,06,12","2012,06,13","2012,06,14","2012,06,15","2012,06,16","2012,06,17","2012,06,18","2012,06,19","2012,06,20","2012,06,21","2012,06,22","2012,06,23","2012,06,24","2012,06,25","2012,06,26","2012,06,27","2012,06,28","2012,06,29","2012,06,30","2012,07,01","2012,07,02","2012,07,03","2012,07,04","2012,07,05","2012,07,06","2012,07,07","2012,07,08","2012,07,09","2012,07,10","2012,07,11","2012,07,12","2012,07,13","2012,07,14","2012,07,15","2012,07,16","2012,07,17","2012,07,18","2012,07,19","2012,07,20","2012,07,21","2012,07,22","2012,07,23","2012,07,24","2012,07,25","2012,07,26","2012,07,27","2012,07,28","2012,07,29","2012,07,30","2012,07,31","2012,08,01","2012,08,02","2012,08,03","2012,08,04","2012,08,05","2012,08,06","2012,08,07","2012,08,08","2012,08,09","2012,08,10","2012,08,11","2012,08,12","2012,08,13","2012,08,14","2012,08,15","2012,08,16","2012,08,17","2012,08,18","2012,08,19","2012,08,20","2012,08,21","2012,08,22","2012,08,23","2012,08,24","2012,08,25","2012,08,26","2012,08,27","2012,08,28","2012,08,29","2012,08,30","2012,08,31","2012,09,01","2012,09,02","2012,09,03","2012,09,04","2012,09,05","2012,09,06","2012,09,07","2012,09,08","2012,09,09","2012,09,10","2012,09,11","2012,09,12","2012,09,13","2012,09,14","2012,09,15","2012,09,16","2012,09,17","2012,09,18","2012,09,19","2012,09,20","2012,09,21","2012,09,22","2012,09,23","2012,09,24","2012,09,25","2012,09,26","2012,09,27","2012,09,28","2012,09,29","2012,09,30","2012,10,01","2012,10,02","2012,10,03","2012,10,04","2012,10,05","2012,10,06","2012,10,07","2012,10,08","2012,10,09","2012,10,10","2012,10,11","2012,10,12","2012,10,13","2012,10,14","2012,10,15","2012,10,16","2012,10,17","2012,10,18","2012,10,19","2012,10,20","2012,10,21","2012,10,22","2012,10,23","2012,10,24","2012,10,25","2012,10,26","2012,10,27","2012,10,28","2012,10,29","2012,10,30","2012,10,31","2012,11,01","2012,11,02","2012,11,03","2012,11,04","2012,11,05","2012,11,06","2012,11,07","2012,11,08","2012,11,09","2012,11,10","2012,11,11","2012,11,12","2012,11,13","2012,11,14","2012,11,15","2012,11,16","2012,11,17","2012,11,18","2012,11,19","2012,11,20","2012,11,21","2012,11,22","2012,11,23","2012,11,24","2012,11,25","2012,11,26","2012,11,27","2012,11,28","2012,11,29","2012,11,30","2012,12,01","2012,12,02","2012,12,03","2012,12,04","2012,12,05","2012,12,06","2012,12,07","2012,12,08","2012,12,09","2012,12,10","2012,12,11","2012,12,12","2012,12,13","2012,12,14","2012,12,15","2012,12,16","2012,12,17","2012,12,18","2012,12,19","2012,12,20","2012,12,21","2012,12,22","2012,12,23","2012,12,24","2012,12,25","2012,12,26","2012,12,27","2012,12,28","2012,12,29","2012,12,30","2012,12,31"
AG,Anger,Anger,No Data,No Data,Anger,Anger,Anger,Anger,Anger,Anger,No Data,Anger,Anger,Anticipation,Anger,Anger,Anger,Anger,Anger,Anger,Anger,Anger,Anger,Joy,Sadness,Joy,Anger,Anger,Anger,Anger,Joy,Anger,Anger,Anger,Anger,Anticipation,No Data,Anger,Anger,Fear,Anger,Anger,Anticipation,Anger,Joy,Anticipation,Anger,Anger,Sadness,Anger,Sadness,No Data,No Data,Anticipation,Joy,Anger,Anger,Anger,Joy,Anticipation,Anger,Anger,Joy,Anticipation,Anticipation,Anticipation,Anticipation,Anger,Anticipation,Anger,Joy,Sadness,Joy,Anger,Anger,Anger,Anger,Anger,Anger,Anger,Anger,Anticipation,Anger,Anger,Anticipation,Anger,Anger,Anger,Anger,Anger,Anticipation,Joy,Anticipation,Anticipation,Anger,Anger,Anger,Anticipation,Joy,No Data,Anger,Anger,Anticipation,Anger,Anticipation,Anger,Anger,Anger,Anger,Anticipation,Anticipation,Anticipation,Anticipation,Anger,Joy,Joy,Anger,Anticipation,Anger,Anticipation,Anger,Anger,Joy,Sadness,Anticipation,Anticipation,Anticipation,Joy,Joy,Anger,Joy,Anticipation,Anticipation,Anticipation,Anticipation,Anger,Anger,Joy,Joy,Anger,Fear,Anger,Joy,Sadness,Anticipation,Joy,Anticipation,Anticipation,Joy,Anticipation,Joy,Anticipation,Anger,Anger,Anger,Anticipation,Anger,Joy,Anticipation,Joy,Anticipation,Anticipation,Joy,Joy,Joy,Anger,Joy,Anticipation,Anticipation,Anger,Anger,Anticipation,Joy,Anticipation,Anticipation,Anticipation,Anticipation,Joy,Joy,Joy,Anticipation,Anger,Joy,Joy,Joy,Anticipation,Anticipation,Joy,Anticipation,Anticipation,Joy,Joy,Joy,Joy,Joy,Joy,Anger,Anticipation,Anticipation,Joy,Anticipation,Joy,Anticipation,Anticipation,Anger,Anticipation,Joy,Anger,Joy,Anticipation,Joy,Joy,Anticipation,Anticipation,Joy,Joy,Joy,Anticipation,Anticipation,Joy,Anticipation,Joy,Joy,Joy,Joy,Anticipation,Joy,Anger,Joy,Anticipation,Anticipation,Sadness,Anticipation,Joy,Anger,Anger,Joy,Anger,Anticipation,Joy,Anticipation,Joy,Anticipation,Anticipation,Joy,Anticipation,Anticipation,No Data,Anticipation,Joy,No Data,No Data,Anger,No Data,No Data,No Data,No Data,No Data,Anger,Anger,No Data,Joy,Anticipation,Anticipation,Anticipation,Joy,Joy,Anticipation,Joy,Anticipation,Anticipation,Anticipation,Anger,Anticipation,Anticipation,Anger,Anger,Joy,Anticipation,Anger,Anticipation,Anger,Anticipation,Joy,Anticipation,Anticipation,Joy,Anger,Anger,Anger,Anticipation,Anticipation,Anticipation,No Data,No Data,Anticipation,Joy,Anticipation,Joy,Joy,Anticipation,Joy,Joy,Joy,Anticipation,Joy,Joy,Joy,Sadness,Joy,Joy,Anger,Joy,Joy,Anticipation,Anticipation,Anticipation,Sadness,Anticipation,Joy,Anticipation,Anger,Joy,Joy,Joy,Joy,Anger,Joy,Joy,Joy,Anticipation,Joy,Anticipation,Anger,Anticipation,Anger,No Data,Anger,Anger,Joy,Joy,Anticipation,Joy,Anticipation,Sadness,Anger,Anger,Anticipation,Anger,Joy,Anticipation,Anger,Anticipation,Joy,Anger,Joy,Joy,Anger,Anticipation,Anticipation,Anticipation,Anticipation,Anticipation,Anticipation,Anticipation,Joy
AI,No Data,No Data,No Data,No Data,No Data,No Data,No Data,No Data,No Data,No Data,No Data,No Data,No Data,No Data,No Data,No Data,No Data,Anger,No Data,No Data,No Data,No Data,No Data,No Data,No Data,No Data,No Data,No Data,No Data,No Data,No Data,No Data,No Data,No Data,No Data,No Data,No Data,No Data,No Data,No Data,No Data,No Data,No Data,No Data,No Data,No Data,No Data,No Data,No Data,No Data,No Data,No Data,No Data,No Data,No Data,No Data,No Data,No Data,No Data,No Data,No Data,No Data,No Data,No Data,No Data,No Data,No Data,No Data,No Data,No Data,No Data,No Data,No Data,No Data,No Data,No Data,No Data,No Data,No Data,No Data,No Data,No Data,No Data,No Data,No Data,No Data,No Data,No Data,No Data,No Data,No Data,No Data,No Data,No Data,No Data,No Data,No Data,No Data,No Data,No Data,No Data,No Data,No Data,No Data,No Data,No Data,No Data,No Data,No Data,No Data,Anticipation,Anger,No Data,No Data,Anger,Anger,Anger,Anticipation,No Data,No Data,Joy,Anger,Anger,No Data,Anger,Anger,Anger,Anticipation,No Data,Anger,Joy,Anticipation,Anticipation,Joy,Anger,Joy,Anger,Anger,Anger,Anticipation,Anger,Anticipation,Joy,Anger,Anger,Anger,Anger,Anger,Anger,Anticipation,Anticipation,Joy,Joy,Sadness,Sadness,Anger,Anticipation,Sadness,Anger,Anger,Anger,No Data,No Data,No Data,Anger,No Data,No Data,No Data,No Data,Anger,No Data,No Data,Anger,Anger,Anger,Anticipation,No Data,Anger,No Data,No Data,No Data,No Data,No Data,No Data,No Data,No Data,Joy,Anger,Anger,Anticipation,Anticipation,No Data,Joy,No Data,Joy,Fear,No Data,No Data,No Data,Joy,No Data,No Data,No Data,No Data,Anger,Anger,Anger,Anticipation,No Data,Anger,No Data,Joy,Anger,Anger,Anger,Anger,Anger,Joy,No Data,No Data,Anger,No Data,No Data,No Data,Anger,No Data,No Data,No Data,No Data,No Data,Anger,Anger,Anger,Anger,Anger,Anger,Anger,Anger,No Data,No Data,No Data,Anger,Anger,Anger,Anger,No Data,Anger,No Data,No Data,Sadness,No Data,No Data,No Data,No Data,No Data,No Data,No Data,Anger,No Data,No Data,No Data,Anticipation,No Data,No Data,No Data,No Data,Anger,Anger,Anger,No Data,Anger,No Data,No Data,Anger,No Data,No Data,No Data,No Data,No Data,No Data,Anger,No Data,Anger,Anger,No Data,No Data,Anger,Anticipation,No Data,No Data,No Data,No Data,No Data,No Data,No Data,No Data,No Data,No Data,Anger,No Data,Anger,Anger,No Data,Joy,Sadness,Anger,No Data,Anger,Anger,No Data,No Data,No Data,No Data,No Data,No Data,No Data,No Data,No Data,Anger,No Data,No Data,Anger,No Data,Anger,No Data,No Data,No Data,Anger,No Data,No Data,No Data,Joy,No Data,No Data,No Data,No Data,No Data,No Data,No Data,No Data,No Data,No Data,No Data,No Data,No Data,No Data,No Data,No Data,No Data,Anticipation,No Data,No Data,No Data,No Data,Anticipation,No Data,No Data,No Data,No Data,No Data,No Data,No Data,Anticipation,Anger,No Data,No Data
AR,No Data,No Data,No Data,No Data,No Data,Anger,No Data,No Data,No Data,No Data,No Data,No Data,No Data,No Data,No Data,No Data,No Data,No Data,Anger,No Data,No Data,No Data,No Data,No Data,No Data,No Data,No Data,No Data,No Data,Anticipation,No Data,No Data,No Data,No Data,No Data,No Data,No Data,No Data,No Data,No Data,No Data,No Data,No Data,No Data,No Data,No Data,No Data,No Data,No Data,No Data,No Data,No Data,No Data,No Data,No Data,No Data,No Data,No Data,No Data,No Data,No Data,No Data,Anger,Joy,Anger,No Data,No Data,No Data,No Data,No Data,No Data,No Data,No Data,No Data,No Data,No Data,No Data,No Data,No Data,No Data,No Data,No Data,No Data,No Data,No Data,No Data,No Data,Anger,No Data,No Data,Anger,Anger,Anger,Anger,Anger,No Data,No Data,Anger,Anger,Anger,No Data,Anger,Anger,Anger,Anger,Anger,Anger,No Data,Anticipation,Anger,Anger,Anger,Anger,No Data,Anger,Anger,Anger,Anticipation,Anger,Anger,No Data,Anger,Anger,Anger,Anger,No Data,Anger,No Data,Anger,No Data,Anger,Anger,Joy,Anger,No Data,Anger,No Data,No Data,Anger,No Data,No Data,No Data,No Data,No Data,No Data,No Data,No Data,Anger,No Data,No Data,No Data,No Data,No Data,Anger,Anger,No Data,No Data,No Data,Anger,No Data,Anger,Anger,No Data,No Data,Joy,Anger,Anger,No Data,No Data,No Data,Anger,Anger,No Data,Joy,No Data,No Data,Anger,Anger,Anger,No Data,Anger,No Data,Anger,Anger,No Data,No Data,Anger,Anger,Anger,No Data,No Data,Joy,Anger,Anticipation,Fear,Anticipation,No Data,Anger,Anticipation,No Data,Joy,Anger,No Data,No Data,Anticipation,Anticipation,No Data,Anger,Anticipation,Anger,Anger,Anticipation,Anger,Anger,Anger,Joy,Anger,No Data,Anger,Anger,Joy,Anger,Anticipation,Anticipation,Anticipation,No Data,No Data,Anger,Anger,Anger,No Data,No Data,Anger,Anticipation,Anger,No Data,Anger,Anger,No Data,Anger,No Data,Anger,Joy,No Data,No Data,Anger,Anger,No Data,Anger,Anticipation,No Data,No Data,No Data,No Data,No Data,No Data,No Data,No Data,No Data,No Data,No Data,No Data,Anticipation,Anticipation,Anger,No Data,Anger,Anticipation,Anger,No Data,Anger,Anticipation,No Data,Anger,Anger,Anger,No Data,Anticipation,Anger,Anger,No Data,No Data,No Data,No Data,No Data,No Data,Anger,Anticipation,No Data,Anger,Anticipation,Anticipation,Joy,No Data,No Data,Anger,Anger,Anticipation,Anticipation,Anticipation,Joy,Anger,Joy,Anger,Anticipation,Anticipation,Sadness,Anticipation,Joy,Anger,Joy,Joy,Anger,Anticipation,Sadness,No Data,Anger,Anger,Anticipation,No Data,Anticipation,Anger,Joy,Anger,No Data,Joy,No Data,Anger,Anger,Anger,Joy,Anger,Anger,Anger,Anger,Anger,No Data,Anger,Joy,Anger,Anticipation,Anger,Joy,Anger,Anger,Anticipation,Anticipation,Anticipation,Anger,Anger,Anger,Joy,Anger,Anger,Joy,Anger,No Data,Joy,Anticipation,Joy,Anger,Anger,Joy,Anger,Anger,Anger
BE,Anger,Anger,Anger,Joy,Anger,Joy,Joy,Anger,Anger,Anger,Anticipation,Anger,Anger,Anticipation,Anger,No Data,Anticipation,Anger,Anger,Anger,Anticipation,Anger,Anger,Anger,Anger,Anger,Joy,Anticipation,Fear,Anger,Anger,Sadness,Sadness,Anticipation,Anger,Anger,Anger,Anticipation,Anger,Anger,Joy,Anger,Anger,Anticipation,Joy,Anger,Anger,Anger,Anticipation,Joy,Anticipation,Joy,Anger,Anger,Joy,Anger,Anger,Anger,Anticipation,Anger,Anger,Anger,Anger,Anticipation,Anticipation,Anger,Anticipation,Joy,Anticipation,Anger,Anger,Joy,Joy,Anticipation,Anger,Anticipation,Anger,Anticipation,Anger,Anticipation,Anticipation,Anger,Anger,Anger,Anger,Anger,Joy,Joy,Anger,Anger,Joy,Anger,Anger,Anger,Anger,Joy,Joy,Anger,Anger,Anticipation,Joy,Anticipation,Joy,Joy,Anger,Anger,Anger,Anger,Anticipation,Anticipation,Anticipation,Anticipation,Anticipation,Anticipation,Anticipation,Joy,Anticipation,Anticipation,Joy,Joy,Anticipation,Anger,Anticipation,Anticipation,Anger,Anticipation,Anticipation,Anger,Anticipation,Joy,Joy,Joy,Joy,Anticipation,Anticipation,Anticipation,Anticipation,Joy,Anticipation,Sadness,Sadness,Anticipation,Sadness,Anticipation,Anticipation,Anticipation,Anticipation,Anticipation,Joy,Joy,Joy,Joy,Joy,Anticipation,Anticipation,Anticipation,Joy,Joy,Anticipation,Anticipation,Anticipation,Anger,Anticipation,Anticipation,Anticipation,Anticipation,Joy,Anticipation,Anticipation,Anticipation,Anticipation,Anticipation,Anticipation,Anger,Anticipation,Joy,Anticipation,Anticipation,Anticipation,Anticipation,Anticipation,Anticipation,Anticipation,Anticipation,Anger,Anger,Anticipation,Joy,Anticipation,Joy,Anticipation,Joy,Anticipation,Anticipation,Anticipation,Anticipation,Anticipation,Joy,Anticipation,Anticipation,Anticipation,Joy,Anger,Joy,Anticipation,Anticipation,Anticipation,Anticipation,Anticipation,Anticipation,Joy,Anger,Anticipation,Joy,Joy,Anger,Joy,Joy,Joy,Joy,Joy,Anticipation,Joy,Anger,Anger,Anticipation,Anger,Joy,Joy,Joy,Joy,Joy,Anticipation,Sadness,Sadness,Anger,Anger,Joy,Anger,Joy,Anticipation,Anticipation,Anticipation,Sadness,Sadness,Anticipation,Sadness,No Data,Anticipation,Joy,No Data,Anger,No Data,No Data,No Data,No Data,No Data,No Data,Anger,No Data,Anticipation,Anticipation,Anticipation,Anticipation,Joy,Anger,Anger,Anticipation,Joy,Anticipation,Anticipation,Anticipation,Anticipation,Joy,Anticipation,Anticipation,Anticipation,Anticipation,Joy,Anticipation,Anticipation,Joy,Anticipation,Anticipation,Anger,Anticipation,Joy,Joy,Anticipation,Joy,Joy,Anger,Joy,No Data,No Data,Anticipation,Anticipation,Anticipation,Joy,Joy,Anticipation,Joy,Anticipation,Joy,Anticipation,Anticipation,Joy,Anticipation,Anticipation,Anticipation,Anticipation,Joy,Anticipation,Joy,Anticipation,Joy,Anger,Anticipation,Anger,Anticipation,Anticipation,Joy,Anticipation,Anger,Joy,Anticipation,Anger,Anticipation,Anticipation,Anticipation,Anticipation,Sadness,Anticipation,Anger,Anticipation,Anticipation,No Data,Joy,Joy,Anger,Joy,Anger,Anticipation,Anticipation,Joy,Anticipation,Joy,Joy,Joy,Anticipation,Joy,Joy,Anticipation,Joy,Joy,Anticipation,Anger,Anticipation,Anger,Anticipation,Joy,Joy,Joy,Joy,Joy,Anticipation
BL,No Data,No Data,No Data,No Data,No Data,Anger,No Data,No Data,No Data,Anger,No Data,Anger,No Data,Anger,No Data,Anticipation,No Data,No Data,No Data,Anger,No Data,No Data,No Data,No Data,No Data,Anger,No Data,No Data,No Data,No Data,Anger,No Data,No Data,Anger,No Data,Anger,No Data,No Data,Anticipation,No Data,No Data,No Data,No Data,No Data,No Data,No Data,Anger,No Data,Anger,No Data,No Data,No Data,Anger,Anger,Anger,No Data,No Data,Anticipation,Anger,Anger,Joy,Anger,No Data,Joy,Anger,Anger,Sadness,Anger,No Data,No Data,No Data,No Data,No Data,Anger,No Data,Anger,No Data,Anger,No Data,Anger,Anger,Anger,No Data,Joy,No Data,Joy,Anger,No Data,No Data,Anticipation,Anger,No Data,No Data,Anger,Anger,Anger,No Data,Anger,No Data,No Data,Anger,Anger,No Data,No Data,No Data,No Data,No Data,No Data,Anger,Anticipation,Anger,Joy,Anticipation,Joy,Anticipation,Anger,Joy,Anticipation,No Data,Anger,Joy,Joy,Sadness,Anger,Anticipation,Anticipation,Joy,Anger,Anger,Anger,Joy,Anger,Anger,Sadness,Anger,Anticipation,Anticipation,Anticipation,Anger,Joy,Anticipation,Anticipation,Joy,Anger,Joy,Anticipation,Anger,Joy,Anticipation,Sadness,Sadness,Anticipation,Anger,Anger,Joy,Anger,Sadness,Anticipation,Sadness,Sadness,Sadness,Sadness,Anticipation,Joy,Anticipation,Anger,Anger,Anger,Anger,Fear,Joy,Anticipation,Anticipation,Sadness,Anticipation,Anger,Sadness,Anger,Anticipation,Anticipation,Anger,Anticipation,Anticipation,Joy,Fear,Anticipation,Sadness,Anger,Anger,Anticipation,Anticipation,Joy,Anger,Joy,Anger,Joy,Anger,Anger,Anticipation,Joy,Anticipation,Anticipation,Anger,Joy,Anger,Joy,Joy,Joy,Joy,Anticipation,Anticipation,Anticipation,Joy,Joy,Anticipation,Joy,Anger,Anticipation,Anger,Anticipation,Anger,Joy,Joy,Anger,Anger,Joy,Anticipation,Joy,Joy,Anger,Anticipation,Joy,Joy,Joy,Joy,Anger,Joy,Anticipation,No Data,Anger,Anticipation,Anger,Joy,Anticipation,Anger,Anger,Joy,No Data,Anticipation,Anger,No Data,No Data,No Data,No Data,No Data,No Data,No Data,No Data,No Data,No Data,Anger,Anticipation,Anger,Anger,Anger,Joy,Anger,Joy,Anger,Anger,Joy,Anticipation,Anger,Surprise,Joy,Fear,Anger,Anger,Anticipation,Anticipation,Joy,Anticipation,Anticipation,Anticipation,Anger,Joy,Anger,Anticipation,Joy,Sadness,Joy,Anticipation,Anticipation,No Data,No Data,Anticipation,Anticipation,Anticipation,Anticipation,Anticipation,Anticipation,Anticipation,Joy,Anticipation,Joy,Joy,Anger,Anger,Anticipation,Joy,Joy,Anger,Anticipation,Anger,Anticipation,Joy,Joy,Anticipation,Anger,Joy,Anger,Anticipation,Anger,Joy,Anger,Joy,Anger,Joy,Anger,Anticipation,Anger,Sadness,Sadness,Anticipation,Joy,Anticipation,No Data,Joy,Joy,Anticipation,Joy,Joy,Anger,Anticipation,Anger,Anticipation,Anger,Anger,Anger,Anger,Joy,Joy,Anger,Anticipation,Joy,Joy,Joy,Anticipation,Joy,Anticipation,Joy,Anticipation,Anticipation,Sadness,Joy,Anticipation
BS,No Data,No Data,No Data,Anger,Anger,Anticipation,Anger,Anger,Anger,Anger,Joy,Anger,Anger,Joy,Anger,Anger,Anger,No Data,Anger,Joy,No Data,Anticipation,Anger,Joy,Anger,Anger,Joy,Anger,Anger,Anger,Sadness,Sadness,Anticipation,Anger,Anger,Anticipation,Anger,Anger,Surprise,Anger,Sadness,Anger,Joy,No Data,Anger,Anger,Joy,Anger,Anticipation,Anger,Trust,Anger,Anger,Joy,Anger,No Data,Anger,Anger,Anger,Anger,Anticipation,Joy,Joy,Anger,No Data,Anger,Anger,Joy,Anger,Anger,Fear,Anticipation,Anticipation,Anger,Anger,No Data,Anticipation,Anger,Joy,Anticipation,Anticipation,Anger,Anger,Anger,Anger,Joy,Anger,Anticipation,Anger,Anger,Anger,Anger,No Data,Anticipation,Anger,Anger,Anger,Anger,Anger,Anger,Joy,Anger,Anger,Anger,Anger,Anticipation,Anger,Anger,Anger,Anticipation,Anticipation,Anticipation,Anticipation,Joy,Anticipation,Anticipation,Anticipation,Sadness,Anger,Anger,Anticipation,Anger,Anticipation,Anger,Joy,Joy,Joy,Anticipation,Anticipation,Anticipation,Joy,Joy,Anticipation,Anticipation,Anger,Joy,Anticipation,Joy,Anticipation,Anger,Anticipation,Anticipation,Anticipation,Sadness,Anticipation,Anticipation,Anticipation,Joy,Joy,Joy,Sadness,Sadness,Sadness,Sadness,Sadness,Joy,Anticipation,Anticipation,Anticipation,Joy,Anticipation,Anticipation,Anticipation,Anticipation,Joy,Joy,Anticipation,Anger,Joy,Anticipation,Anticipation,Anticipation,Joy,Anticipation,Anticipation,Anticipation,Joy,Anger,Anticipation,Anger,Anticipation,Anger,Anger,Anticipation,Anticipation,Joy,Anticipation,Anticipation,Anger,Anger,Joy,Anticipation,Anticipation,Anticipation,Anger,Anticipation,Joy,Anger,Anticipation,Joy,Anticipation,Anticipation,Joy,Anticipation,Anticipation,Anticipation,Anticipation,Anticipation,Joy,Anger,Anger,Anticipation,Joy,Joy,Joy,Joy,Anticipation,Anticipation,Anticipation,Joy,Joy,Anticipation,Anticipation,Anticipation,Anticipation,Anticipation,Anticipation,Anger,Anticipation,Joy,Anticipation,Joy,Anticipation,Anger,Anger,No Data,Joy,Joy,No Data,Anticipation,Anger,Anticipation,Anger,Joy,Sadness,Anticipation,Joy,Anger,Anticipation,Anticipation,Anger,No Data,No Data,No Data,No Data,No Data,No Data,No Data,No Data,No Data,No Data,Joy,Anger,Anticipation,Anger,Sadness,Sadness,Joy,Anger,Anger,Anger,Anger,Anticipation,Anticipation,Joy,Anger,Anticipation,Anger,Anticipation,Anticipation,Anger,Anticipation,Anticipation,Anticipation,Anticipation,Anticipation,Joy,Joy,Anticipation,Joy,Anticipation,Anticipation,Joy,No Data,No Data,Joy,Joy,Anger,Joy,Anticipation,Anticipation,Anger,Anger,Joy,Anger,Anger,Anger,Anger,Anticipation,Anticipation,Anger,Joy,Anticipation,Joy,Anger,Anger,Anticipation,Anticipation,Joy,Joy,Anger,Anticipation,Anticipation,Joy,Joy,Anticipation,Anger,Anger,Anticipation,Anger,Anger,Anger,Anticipation,Anger,Anger,Joy,No Data,Anticipation,Anticipation,Anger,Anticipation,Joy,Anticipation,Anticipation,Joy,Joy,Joy,Joy,Anticipation,Joy,Anger,Anticipation,Anticipation,Joy,Joy,Anticipation,Joy,Anticipation,Joy,Anger,Anger,Anticipation,Anger,Anticipation,Joy,Anger
FR,Anticipation,No Data,Anger,No Data,Anger,Anger,Anger,No Data,No Data,Joy,Anticipation,No Data,Anger,No Data,Anger,No Data,No Data,Anger,Anger,Anger,No Data,Anger,Anger,Anger,Anger,Anger,Anger,Anger,Anger,Joy,Anger,No Data,Anger,Anger,Anger,Anger,Anger,No Data,Anger,No Data,No Data,Anger,Anger,Anger,No Data,No Data,No Data,Joy,Anger,No Data,No Data,Anger,Fear,No Data,Anger,Anger,No Data,No Data,No Data,Anger,Anger,Anger,No Data,No Data,No Data,No Data,No Data,No Data,No Data,Anticipation,Anticipation,No Data,Anticipation,Anticipation,Anger,Anger,Anger,No Data,Joy,Joy,No Data,Anger,No Data,No Data,Anger,No Data,Anger,No Data,Anger,Anger,No Data,No Data,Anger,No Data,No Data,No Data,Anger,No Data,Anticipation,Anger,No Data,No Data,No Data,No Data,No Data,Disgust,Anger,Anger,Anger,Joy,Joy,Anger,Joy,Joy,Joy,Joy,Joy,Joy,Anger,Anger,Joy,Joy,Joy,Joy,Joy,Joy,Joy,Joy,Joy,Joy,Joy,Joy,Joy,Joy,Joy,Joy,Joy,Joy,Joy,Joy,Joy,Joy,Joy,Joy,Joy,Joy,Joy,Anticipation,Joy,Joy,Joy,Sadness,Joy,Joy,Joy,Joy,Joy,Joy,Joy,Joy,Joy,Joy,Joy,Joy,Joy,Joy,Joy,Joy,Joy,Joy,Joy,Joy,Joy,Joy,Joy,Joy,Joy,Joy,Joy,Joy,Joy,Joy,Joy,Joy,Joy,Joy,Joy,Joy,Joy,Joy,Joy,Joy,Joy,Joy,Joy,Joy,Joy,Joy,Joy,Joy,Joy,Joy,Joy,Joy,Joy,Joy,Joy,Joy,Joy,Joy,Joy,Joy,Joy,Joy,Joy,Joy,Joy,Joy,Joy,Joy,Joy,Joy,Joy,Joy,Joy,Anticipation,Joy,Joy,Joy,Joy,Joy,Joy,Joy,Joy,Joy,No Data,Joy,Joy,No Data,Joy,Joy,Joy,Joy,Joy,Joy,Joy,Joy,No Data,Joy,Joy,No Data,No Data,No Data,No Data,No Data,No Data,No Data,No Data,No Data,No Data,No Data,Joy,Joy,Joy,Joy,Joy,Joy,Joy,Joy,Joy,Anticipation,Joy,Joy,Joy,Joy,Joy,Joy,Joy,Joy,Joy,Joy,Joy,Joy,Joy,Joy,Joy,Joy,Joy,Joy,Joy,Joy,Joy,Joy,No Data,No Data,Joy,Joy,Joy,Joy,Joy,Joy,Joy,Joy,Joy,Joy,Joy,Joy,Joy,Joy,Joy,Joy,Joy,Joy,Joy,Joy,Joy,Joy,Joy,Joy,Joy,Joy,Joy,Joy,Joy,Joy,Joy,Joy,Joy,Joy,Joy,Joy,Joy,Joy,Joy,Joy,Joy,No Data,Joy,Joy,Joy,Joy,Joy,Joy,Joy,Joy,Joy,Joy,Joy,Joy,Joy,Joy,Joy,Joy,Joy,Joy,Joy,Joy,Joy,Joy,Joy,Joy,Joy,Joy,Joy,Joy,Joy
GE,Anger,Anger,Fear,Anger,Joy,Anticipation,Anticipation,Anger,Anticipation,Anger,Anger,Anger,Anticipation,Anger,Anger,Anger,Anger,Anger,Anger,Anger,Anger,Anger,Anticipation,Anger,Anticipation,Anticipation,Anger,Anticipation,Joy,Anticipation,Anticipation,Joy,Anger,Joy,Anger,Anger,Joy,Anger,Anger,Anger,Anger,Sadness,Anger,Anger,Anger,Joy,Anticipation,Anger,Anger,Anger,Anger,Anger,Joy,Anticipation,Joy,Anticipation,Anger,Joy,Joy,Sadness,Anger,Anger,Anger,Anger,Anger,Anger,Anger,Joy,Anger,Anticipation,Anger,Anticipation,Anger,Joy,Anger,Anticipation,Anger,Anticipation,Anticipation,Anticipation,Joy,Anticipation,Joy,Anticipation,Anticipation,Anticipation,Anger,Anticipation,Joy,Anticipation,Anger,Anticipation,Anger,Anticipation,Anticipation,Anger,Anger,Anger,Anger,Anger,Joy,Joy,Joy,Anticipation,Anger,Anger,Sadness,Anticipation,Joy,Joy,Joy,Joy,Joy,Joy,Joy,Joy,Joy,Joy,Anticipation,Anger,Joy,Joy,Joy,Joy,Joy,Joy,Joy,Joy,Joy,Joy,Joy,Joy,Joy,Joy,Joy,Joy,Joy,Joy,Joy,Joy,Joy,Joy,Joy,Joy,Joy,Joy,Joy,Joy,Joy,Joy,Joy,Joy,Joy,Joy,Joy,Joy,Joy,Joy,Joy,Joy,Joy,Joy,Joy,Joy,Joy,Joy,Joy,Joy,Joy,Joy,Joy,Joy,Joy,Joy,Joy,Joy,Joy,Joy,Joy,Joy,Joy,Joy,Joy,Joy,Joy,Joy,Joy,Joy,Joy,Joy,Joy,Joy,Joy,Joy,Joy,Joy,Joy,Joy,Joy,Joy,Joy,Joy,Joy,Joy,Joy,Joy,Joy,Joy,Joy,Joy,Joy,Joy,Joy,Joy,Joy,Joy,Joy,Joy,Joy,Joy,Joy,Joy,Joy,Joy,Joy,Joy,Joy,Joy,Joy,Joy,Joy,Joy,Joy,Joy,Joy,Joy,Joy,Joy,Anger,Joy,Joy,Joy,Joy,Joy,Joy,Joy,Joy,Anger,Joy,Joy,No Data,Anger,Joy,Anger,No Data,Anger,Anger,No Data,Anger,Anger,Anger,Joy,Joy,Joy,Joy,Joy,Joy,Joy,Joy,Joy,Joy,Joy,Joy,Joy,Joy,Joy,Joy,Joy,Joy,Joy,Joy,Joy,Joy,Joy,Joy,Joy,Joy,Joy,Joy,Joy,Joy,Joy,Joy,Anger,No Data,Joy,Joy,Joy,Joy,Joy,Joy,Joy,Joy,Joy,Joy,Joy,Joy,Joy,Joy,Joy,Joy,Joy,Joy,Joy,Joy,Joy,Joy,Joy,Joy,Joy,Joy,Joy,Joy,Joy,Joy,Joy,Joy,Joy,Joy,Joy,Joy,Joy,Joy,Joy,Joy,Joy,Anger,Joy,Joy,Joy,Joy,Joy,Joy,Joy,Joy,Joy,Joy,Joy,Joy,Joy,Joy,Joy,Joy,Joy,Joy,Joy,Joy,Joy,Joy,Joy,Joy,Joy,Joy,Joy,Joy,Joy
GL,No Data,No Data,No Data,No Data,No Data,No Data,No Data,No Data,No Data,No Data,No Data,No Data,No Data,Anger,No Data,No Data,Anger,No Data,No Data,No Data,No Data,No Data,No Data,No Data,No Data,No Data,No Data,No Data,No Data,No Data,No Data,No Data,No Data,No Data,No Data,No Data,No Data,No Data,No Data,No Data,No Data,No Data,No Data,No Data,No Data,No Data,No Data,No Data,No Data,No Data,No Data,No Data,No Data,No Data,No Data,No Data,No Data,No Data,No Data,No Data,No Data,No Data,No Data,No Data,No Data,No Data,Anger,No Data,No Data,No Data,No Data,No Data,No Data,No Data,No Data,No Data,No Data,No Data,No Data,No Data,No Data,No Data,No Data,No Data,No Data,Anger,Anger,No Data,No Data,No Data,No Data,No Data,No Data,No Data,No Data,No Data,No Data,No Data,No Data,No Data,No Data,No Data,No Data,No Data,No Data,Anger,No Data,No Data,No Data,Anger,Anger,Anger,Anger,Anger,Anger,Anger,Anger,No Data,Anger,No Data,Anger,Anger,Anger,Joy,Anger,Anger,Anger,Anger,No Data,Anger,No Data,Surprise,Anger,Anger,Anger,Anger,Anger,Anger,Anger,Anger,Anger,No Data,Anger,Anger,Anger,Anger,Anger,Anger,No Data,Joy,Anger,Joy,Anger,Anticipation,Anger,Anticipation,Anger,Anger,Anticipation,Fear,No Data,Anger,Anger,Anger,No Data,Anger,Anger,Anger,Anger,No Data,No Data,Anger,Anger,Anger,Anger,Anger,Anger,Anger,Anger,Anger,Anger,Anger,Anger,Anger,Anger,Anger,Anger,Anger,Anger,Anger,Anger,Anger,Anger,Anger,Anticipation,No Data,Anticipation,Anger,No Data,Anger,Anger,Anger,Anger,Anger,Anger,Anger,Anger,Anger,Anger,Anger,Joy,Anger,Anger,Anger,Anger,Anger,Anticipation,Anger,Anger,Joy,Anger,Anger,Anger,Anger,Anger,Anger,Anger,Anger,Anger,Anticipation,Anger,Anger,Anger,Anger,Anger,No Data,Anger,No Data,No Data,Anger,Anger,Anger,Anger,Anger,Anger,Sadness,Anger,No Data,No Data,Anger,No Data,No Data,No Data,No Data,No Data,No Data,No Data,No Data,No Data,No Data,No Data,Anger,Anger,Anger,Anger,No Data,Anger,Anger,No Data,Anger,Anger,Anger,Anger,Anger,Anger,Anger,Anger,Anger,Anger,Anger,Fear,Anticipation,Anticipation,Anger,Anger,Anger,Anger,Anger,Anger,Anger,Anger,Anticipation,Anger,No Data,No Data,Anger,No Data,Anger,Joy,Anticipation,Anger,Anger,No Data,Anger,Anger,Anger,Anger,Joy,Anger,Anger,Anger,Anger,Anger,Anger,Anger,Anger,Anger,Anger,Anger,Anger,Anger,Joy,Anger,Anger,Anger,Anger,Anger,Anger,Fear,Anger,Anger,Anger,Anticipation,Anger,Anger,Anger,No Data,Anger,Anger,Anger,Anger,Anger,Anger,Sadness,Anger,Anger,Fear,Anger,Anticipation,Anger,Anger,Anticipation,Anticipation,Anticipation,Anger,Anger,Anger,Anger,Anticipation,Anger,Anticipation,Anger,Anger,Anger,Anticipation,Anger
GR,Anticipation,Anger,Anger,No Data,Anger,Anger,Anger,Anger,Anger,No Data,Anger,Anger,Anger,Joy,Anger,No Data,Anger,Anger,No Data,Joy,Anticipation,Joy,Anticipation,Anger,Anticipation,Anticipation,Anticipation,Joy,Joy,Anticipation,Joy,Anger,No Data,Joy,Joy,Anger,Anger,No Data,Anger,Joy,Anger,Anticipation,Joy,Sadness,Anticipation,Sadness,Fear,Anger,Anticipation,Joy,No Data,Joy,Anticipation,Anger,Joy,Anticipation,Anger,Joy,Joy,Joy,Anger,Anticipation,Anger,No Data,Anger,No Data,No Data,Anger,Anger,Fear,Anticipation,Anticipation,No Data,Anger,No Data,Anger,Anger,Anticipation,Anger,Anger,No Data,Anger,Fear,Anger,No Data,Anger,No Data,No Data,No Data,No Data,Anger,Anger,No Data,Anger,Anger,No Data,No Data,Anticipation,Anger,Anger,No Data,No Data,No Data,No Data,No Data,No Data,No Data,Anger,No Data,Joy,Anger,Sadness,Anticipation,Sadness,Anticipation,Anticipation,Anticipation,Anticipation,Anger,Anger,Anticipation,Anticipation,Anticipation,Anticipation,Anticipation,Anticipation,Anticipation,Sadness,Anticipation,Anticipation,Joy,Joy,Anticipation,Anticipation,Anticipation,Anticipation,Anticipation,Anticipation,Anticipation,Anticipation,Anticipation,Anger,Anticipation,Anticipation,Anticipation,Anticipation,Anticipation,Fear,Anticipation,Anticipation,Anticipation,Anticipation,Anger,Anticipation,Anticipation,Joy,Anticipation,Anticipation,Anger,Anticipation,Anticipation,Anticipation,Anticipation,Anticipation,Anticipation,Anticipation,Anticipation,Anticipation,Anticipation,Anticipation,Anticipation,Joy,Anticipation,Anticipation,Joy,Joy,Anticipation,Anticipation,Anticipation,Joy,Joy,Anticipation,Anticipation,Anticipation,Anticipation,Joy,Anticipation,Anticipation,Fear,Anger,Joy,Anticipation,Joy,Anticipation,Anticipation,Joy,Anticipation,Anger,Anger,Anticipation,Anticipation,Joy,Anticipation,Anger,Anger,Anticipation,Anticipation,Sadness,Anticipation,Joy,Anticipation,Joy,Joy,Anger,Anticipation,Anticipation,Anticipation,Anticipation,Sadness,Anger,Anticipation,Joy,Anticipation,Anticipation,Anticipation,Anticipation,Anticipation,Anticipation,Anticipation,Joy,Anger,Joy,Joy,Anticipation,Anticipation,Anger,Anticipation,Anticipation,No Data,Anticipation,Anger,Anticipation,Joy,Anger,Sadness,Anticipation,Anger,No Data,Anticipation,Anger,Anger,No Data,No Data,No Data,No Data,No Data,No Data,No Data,No Data,No Data,No Data,Anticipation,Joy,Joy,Anticipation,Anticipation,Anticipation,Anticipation,Joy,Joy,Anticipation,Joy,Anticipation,Joy,Joy,Anger,Joy,Anticipation,Anticipation,Anticipation,Anticipation,Anticipation,Joy,Joy,Anticipation,Anticipation,Anger,Anticipation,Joy,Anticipation,Joy,Anticipation,Anticipation,No Data,No Data,Anger,Anticipation,Joy,Anticipation,Anticipation,Anticipation,Anger,Joy,Joy,Anticipation,Joy,Joy,Anticipation,Anger,Anticipation,Anger,Anticipation,Anticipation,Anticipation,Anticipation,Anticipation,Anticipation,Anticipation,Anticipation,Anticipation,Joy,Anger,Anticipation,Anger,Joy,Anger,Anger,Anticipation,Surprise,Anger,Anticipation,Anticipation,Joy,Anger,Anger,Anticipation,Anger,Anticipation,Anticipation,Anticipation,Joy,Joy,Anticipation,Joy,Joy,Joy,Anticipation,Joy,Anticipation,Joy,Joy,Anger,Joy,Anticipation,Anticipation,Anticipation,Joy,Anger,Anger,Anticipation,Joy,Anticipation,Joy,Anticipation,Joy,Anticipation
JU,No Data,No Data,No Data,No Data,No Data,No Data,No Data,No Data,No Data,No Data,No Data,No Data,No Data,No Data,No Data,No Data,No Data,No Data,No Data,No Data,No Data,No Data,No Data,No Data,No Data,No Data,No Data,No Data,No Data,No Data,No Data,No Data,No Data,No Data,No Data,No Data,No Data,No Data,No Data,No Data,No Data,No Data,No Data,No Data,No Data,No Data,No Data,No Data,Anger,No Data,No Data,No Data,No Data,No Data,No Data,No Data,No Data,No Data,No Data,No Data,No Data,No Data,No Data,No Data,No Data,No Data,No Data,No Data,No Data,No Data,No Data,No Data,No Data,No Data,No Data,No Data,No Data,No Data,No Data,Anger,No Data,No Data,No Data,No Data,No Data,No Data,No Data,No Data,No Data,No Data,No Data,No Data,No Data,No Data,No Data,No Data,No Data,No Data,No Data,No Data,No Data,No Data,No Data,No Data,No Data,No Data,No Data,No Data,No Data,Sadness,Anger,Anticipation,Anticipation,Anticipation,Anticipation,Anticipation,Anger,Anger,No Data,No Data,Anger,Anger,Anticipation,Anger,Anger,Anger,Anticipation,Anger,Anticipation,Anticipation,Anticipation,Anticipation,Anticipation,Surprise,Anger,Anger,Anticipation,Anticipation,Anticipation,Anger,Anticipation,Anticipation,Anger,Anger,Anticipation,Anger,Anger,Anger,Anger,Anger,Anger,Anticipation,Anticipation,Anticipation,Anticipation,Anticipation,Anticipation,Anticipation,Anticipation,Anticipation,Anticipation,Anger,Anticipation,Anger,Anticipation,Anticipation,Anger,Anticipation,Anger,Anger,Anger,Anger,Anger,Anticipation,Anger,Anger,Anticipation,Anticipation,Anticipation,Anticipation,Anticipation,Anticipation,Anticipation,Anticipation,Anticipation,Anger,Joy,Joy,Anticipation,Anticipation,Anticipation,Anticipation,Joy,Anticipation,Anticipation,Anticipation,Anticipation,Anticipation,Anticipation,Anger,Anticipation,Anticipation,Anticipation,Anger,Anticipation,Anticipation,Anger,Anger,Anticipation,Anticipation,Anticipation,Anticipation,Anticipation,Anger,Anticipation,Anticipation,Anger,Anticipation,Anger,Anticipation,Anger,Anger,Anticipation,Anger,Anticipation,Anticipation,Anticipation,Joy,Anticipation,Anticipation,Joy,Joy,Anticipation,Anger,Anger,No Data,Anticipation,Anticipation,No Data,Anger,Anger,Anticipation,Anger,Anticipation,Anticipation,Anticipation,Anticipation,No Data,Anticipation,Anticipation,No Data,No Data,No Data,No Data,No Data,No Data,No Data,No Data,No Data,No Data,No Data,Joy,Anticipation,Anger,Anticipation,Anticipation,Anger,Anticipation,Anger,Anger,Anticipation,Anticipation,Anger,Anticipation,Anticipation,Anger,Anticipation,Anticipation,Anger,Surprise,Anticipation,Anger,Anger,Anticipation,Anticipation,Anticipation,Anger,Anticipation,Anticipation,Anticipation,Anger,Anger,Anticipation,No Data,No Data,Sadness,Sadness,Anger,Anger,Anger,Joy,Anticipation,Anticipation,Anticipation,Anticipation,Anticipation,Anticipation,Anger,Anticipation,Anger,Anger,Anger,Anticipation,Anger,Anger,Anticipation,Anticipation,Anticipation,Anger,Anticipation,Anticipation,Anticipation,Joy,Sadness,Sadness,Joy,Sadness,Sadness,Anger,Anger,Anticipation,Sadness,Sadness,Anger,Anger,Anger,No Data,Anticipation,Anticipation,Anger,Anger,Anger,Anticipation,Anticipation,Anger,Anticipation,Anticipation,Anger,Anger,Anticipation,Anticipation,Anticipation,Anticipation,Anticipation,Anticipation,Anger,Joy,Anger,Anger,Anticipation,Anticipation,Anger,Anticipation,Anger,Anticipation,Anticipation
LU,Anger,No Data,Anger,Joy,No Data,Anger,Anger,Anger,Anger,No Data,Joy,No Data,Anticipation,Anger,Anger,Anger,No Data,No Data,Anger,No Data,Anger,Joy,Anger,No Data,Anger,Anticipation,Anger,Joy,Anticipation,Anger,Anticipation,No Data,Anger,Anger,Anger,Anger,No Data,Anger,Anger,Anger,Anger,Anger,Anger,Anger,Anger,Anger,Anger,Anger,Anger,Anger,Anger,Anger,Anger,No Data,No Data,Anger,Anger,Anticipation,Anticipation,Anger,Anger,Anger,Anger,No Data,Anticipation,Anticipation,Anticipation,Anticipation,Anger,Anger,Anger,Anger,Anger,Anger,Anticipation,No Data,Anger,Anger,Anticipation,Joy,Anger,Anger,Anger,No Data,Anticipation,Anger,Anger,Anger,Anger,Anger,Anger,Anger,Joy,Anger,Anger,Anger,Anger,Surprise,No Data,Anger,No Data,Anger,Anger,Anger,Sadness,Anger,Joy,Anger,No Data,Anger,Anticipation,Anger,Anger,Anticipation,Joy,Joy,Anger,Joy,Anger,Anger,Anger,Joy,Joy,Joy,Anticipation,Anger,Anger,Joy,Anticipation,Anticipation,Anticipation,Anticipation,Anticipation,Anticipation,Anticipation,Anticipation,Anticipation,Anger,Anger,Anger,Joy,Anger,Anger,Joy,Anticipation,Anticipation,Anticipation,Anticipation,Anticipation,Anticipation,Anticipation,Anger,Anticipation,Anticipation,Anticipation,Anger,Anticipation,Anger,Anger,Anticipation,Anticipation,Anger,Anger,Anticipation,Joy,Anger,Anticipation,Anger,Joy,Anticipation,Anger,Anticipation,Anticipation,Joy,Anticipation,Anger,Anger,Anger,Joy,Joy,Joy,Anger,Anger,Anticipation,Anticipation,Anticipation,Anticipation,Joy,Anticipation,Anger,Anticipation,Joy,Anger,Joy,Anger,Anticipation,Anger,Anger,Anticipation,Anger,Anticipation,Anticipation,Joy,Anticipation,Anger,Joy,Joy,Anger,Anger,Joy,Anger,Joy,Anticipation,Anger,Anticipation,Anger,Anger,Joy,Anticipation,Anticipation,Anger,Joy,Anticipation,Joy,Joy,Joy,Anticipation,Anger,Anger,Anticipation,Anger,Anticipation,Joy,Anticipation,Joy,No Data,Anticipation,Anticipation,No Data,Anger,Anticipation,Anticipation,Joy,Anticipation,Anticipation,Anger,Joy,No Data,Anger,Joy,No Data,No Data,No Data,No Data,No Data,No Data,No Data,No Data,No Data,Anger,Anticipation,Fear,Anger,Anticipation,Anger,Anticipation,Anticipation,Joy,Anticipation,Anticipation,Anger,Anger,Anger,Anger,Anger,Joy,Joy,Anger,Anger,Anticipation,Anticipation,Anger,Anticipation,Joy,Joy,Anticipation,Joy,Joy,Anticipation,Joy,Anger,Anticipation,Anger,No Data,No Data,Sadness,Anticipation,Joy,Anger,Joy,Anger,Anticipation,Anger,Anticipation,Anger,Joy,Anticipation,Anticipation,Anger,Joy,Anticipation,Anger,Joy,Anger,Anticipation,Anticipation,Anger,Anger,Anger,Anger,Anger,Joy,Joy,Anticipation,Anticipation,Anticipation,Anticipation,Joy,Joy,Joy,Anticipation,Anger,Joy,Joy,Anger,Anger,No Data,Anger,Anticipation,Anticipation,Joy,Joy,Anticipation,Joy,Joy,Joy,Anticipation,Anger,Anger,Anticipation,Anger,Anger,Anticipation,Anger,Anger,Joy,Joy,Anger,Joy,Anger,Anticipation,Anger,Anticipation,Anger,Anticipation,Anger
NE,No Data,No Data,Anger,Anger,Anger,Anticipation,Anger,Anger,Joy,Anger,Anger,Anger,Anticipation,No Data,Anger,Joy,Joy,Anticipation,No Data,Anticipation,No Data,Anger,Joy,Anger,Anger,Anticipation,Anticipation,Anger,Anticipation,Anger,Anger,Anger,Anger,Joy,Sadness,Anger,Joy,Anticipation,Anger,Joy,Anger,Anticipation,Anticipation,Anger,No Data,Anger,Joy,Joy,Joy,Anticipation,Anticipation,Anger,Anticipation,Anger,Fear,Anger,Anger,Anger,No Data,No Data,No Data,Joy,Anger,Anger,Anticipation,Anger,Joy,Anticipation,Anger,Anticipation,Anger,Joy,Anticipation,Anger,Anticipation,Joy,Anger,Anger,Anticipation,Anticipation,No Data,Joy,Joy,Anger,No Data,Anticipation,No Data,No Data,Anger,Anger,Anticipation,Anger,Anger,Anger,Anger,Anger,Anger,Anticipation,Anger,Anticipation,Joy,Anger,Anger,Anticipation,Anticipation,Anger,Anger,Anger,Anger,Joy,Joy,Joy,Joy,Joy,Joy,Joy,Joy,Joy,Anger,Anticipation,Joy,Joy,Joy,Joy,Joy,Joy,Joy,Joy,Joy,Joy,Joy,Joy,Joy,Joy,Joy,Joy,Joy,Joy,Joy,Joy,Joy,Joy,Joy,Joy,Joy,Joy,Joy,Joy,Joy,Joy,Joy,Joy,Joy,Joy,Joy,Joy,Joy,Joy,Joy,Joy,Joy,Joy,Joy,Joy,Sadness,Joy,Joy,Sadness,Joy,Joy,Joy,Joy,Sadness,Joy,Joy,Joy,Joy,Sadness,Joy,Joy,Joy,Joy,Joy,Joy,Joy,Joy,Joy,Joy,Joy,Joy,Joy,Joy,Joy,Joy,Joy,Joy,Joy,Joy,Joy,Joy,Joy,Joy,Joy,Joy,Joy,Joy,Joy,Joy,Joy,Joy,Joy,Joy,Joy,Joy,Joy,Joy,Joy,Joy,Joy,Joy,Joy,Joy,Joy,Joy,Joy,Joy,Joy,Joy,Joy,Joy,Joy,Joy,Joy,Joy,Joy,No Data,Joy,Joy,No Data,Joy,Joy,Joy,Joy,Joy,Joy,Joy,Joy,No Data,Joy,Joy,Anger,No Data,No Data,No Data,No Data,No Data,No Data,No Data,No Data,No Data,No Data,Joy,Joy,Joy,Joy,Joy,Joy,Joy,Joy,Joy,Joy,Joy,Joy,Joy,Joy,Joy,Joy,Joy,Joy,Joy,Joy,Joy,Joy,Joy,Joy,Joy,Joy,Joy,Joy,Joy,Joy,Joy,Joy,No Data,No Data,Joy,Joy,Joy,Joy,Joy,Joy,Joy,Joy,Joy,Joy,Joy,Joy,Joy,Joy,Joy,Joy,Joy,Joy,Joy,Joy,Joy,Joy,Joy,Joy,Joy,Joy,Joy,Joy,Joy,Joy,Joy,Joy,Joy,Joy,Joy,Joy,Joy,Joy,Joy,Joy,Joy,No Data,Joy,Joy,Joy,Joy,Joy,Joy,Joy,Joy,Joy,Joy,Joy,Joy,Joy,Joy,Joy,Joy,Joy,Joy,Joy,Joy,Joy,Joy,Joy,Joy,Joy,Joy,Joy,Joy,Joy
NW,No Data,No Data,No Data,No Data,No Data,No Data,No Data,No Data,No Data,No Data,No Data,No Data,No Data,No Data,No Data,No Data,Anger,No Data,No Data,No Data,Anger,No Data,No Data,No Data,No Data,No Data,No Data,No Data,No Data,No Data,No Data,No Data,No Data,No Data,No Data,Anger,No Data,No Data,No Data,No Data,No Data,No Data,Anger,No Data,No Data,No Data,No Data,No Data,No Data,No Data,No Data,No Data,No Data,No Data,Joy,No Data,No Data,No Data,No Data,No Data,No Data,No Data,No Data,Anger,No Data,No Data,No Data,No Data,No Data,No Data,No Data,No Data,No Data,No Data,No Data,No Data,No Data,No Data,No Data,No Data,No Data,Anger,Anger,No Data,No Data,No Data,No Data,No Data,No Data,No Data,No Data,No Data,No Data,No Data,No Data,No Data,No Data,No Data,No Data,No Data,No Data,No Data,No Data,No Data,No Data,No Data,No Data,No Data,No Data,Anger,Anger,Anger,Anger,No Data,Anticipation,Anger,Anger,No Data,No Data,No Data,Sadness,Anger,Surprise,Joy,Anger,Anger,Anger,Anger,Anger,Anger,Anger,Joy,Anticipation,Anticipation,Anticipation,Sadness,Joy,Anticipation,Joy,Surprise,Anticipation,Anger,Anger,Anger,Anticipation,Anticipation,Anger,Anger,Joy,Anticipation,Anger,Anger,Fear,Anticipation,Anger,Anger,Anger,Anger,Anger,Joy,Anger,No Data,Anger,No Data,Sadness,Anger,Anger,Anger,No Data,Anger,Anger,Anger,Anger,Anger,Anger,Anger,Anger,Anger,No Data,Anger,Anger,Joy,No Data,No Data,Anger,Anger,Anger,Anger,Anger,Anger,Anger,No Data,No Data,Anger,Sadness,Anger,Anger,Anticipation,No Data,No Data,Anticipation,No Data,Anger,No Data,Anger,Anger,Anticipation,Joy,Anger,Anger,Joy,Anger,Anger,Anticipation,No Data,Anticipation,Anger,Anticipation,Anger,Anger,Anger,Anger,Anger,No Data,Anticipation,Anger,Anticipation,Anger,Anger,Anger,Joy,Joy,Anger,Anger,Anger,No Data,Joy,Joy,No Data,Anger,Anger,Anger,Anger,Anger,Anticipation,Anticipation,Anger,No Data,Joy,Sadness,No Data,No Data,No Data,No Data,No Data,No Data,No Data,No Data,No Data,No Data,No Data,Anger,Joy,Joy,Anger,Joy,Anger,Anger,Anger,Anger,Anger,Anticipation,Anger,Anticipation,Anger,Anticipation,Anger,Anger,Joy,Anger,Joy,Anger,Anger,Joy,Anticipation,Joy,Anger,Joy,Anticipation,Anticipation,Joy,Anticipation,Anticipation,No Data,No Data,Anticipation,Anticipation,Anger,Joy,Anger,Joy,Anger,Joy,Anticipation,Joy,Anger,Anger,Joy,Anger,Anger,Joy,Sadness,Joy,Anticipation,Anticipation,Anticipation,Joy,Anger,Anger,Anger,Trust,Anger,Anger,Anger,Anger,Anticipation,Anticipation,Anger,Anticipation,Fear,Anticipation,No Data,Joy,Joy,Joy,Anger,No Data,Joy,Anticipation,Anticipation,Anticipation,Anticipation,Anticipation,Anticipation,Joy,Sadness,Anger,Joy,Anger,Anger,Joy,Joy,Anger,Anger,Anger,Joy,Joy,Joy,Anticipation,Anticipation,Anger,Joy,Anticipation,Anger,Joy,Anticipation
OW,No Data,No Data,No Data,No Data,No Data,No Data,No Data,No Data,Anger,No Data,No Data,No Data,Anger,Anger,Anger,No Data,No Data,No Data,Anger,No Data,No Data,No Data,No Data,No Data,No Data,No Data,No Data,No Data,No Data,No Data,No Data,No Data,No Data,Anger,Anger,Joy,No Data,No Data,No Data,No Data,No Data,No Data,No Data,Anger,Anger,No Data,Anger,No Data,No Data,No Data,No Data,No Data,No Data,No Data,Joy,No Data,Anger,Anger,No Data,No Data,No Data,No Data,No Data,Anger,No Data,No Data,No Data,No Data,No Data,Anger,No Data,No Data,No Data,No Data,No Data,No Data,No Data,No Data,No Data,No Data,No Data,Anticipation,Anger,No Data,No Data,No Data,No Data,No Data,Anger,No Data,No Data,No Data,No Data,No Data,No Data,No Data,No Data,Anger,No Data,No Data,No Data,Anger,No Data,No Data,No Data,No Data,No Data,No Data,No Data,Anger,Anger,Anger,Anger,Anticipation,Joy,Anticipation,Surprise,No Data,Sadness,No Data,Anger,Anger,Anger,Anticipation,Anger,Anger,Anticipation,Fear,Joy,Anticipation,Anger,Anticipation,Anger,Anger,Anticipation,Anger,Anger,Anger,Joy,Joy,Anger,Anger,Sadness,Fear,Fear,Anticipation,Sadness,Joy,No Data,No Data,Anger,Anger,Anger,Anger,Anger,Anger,Sadness,Anger,Joy,Anger,Joy,Joy,Joy,Anticipation,Anger,Anticipation,Joy,Fear,Anticipation,Anger,Sadness,Joy,Anger,Anger,Anticipation,Joy,Joy,Anticipation,Joy,Anticipation,Surprise,Anticipation,Sadness,Anger,Joy,Anger,Joy,Anger,Anger,Joy,Sadness,Anticipation,Anger,Sadness,Joy,Anger,Anger,Anticipation,Anticipation,Anticipation,Anger,Joy,Anger,Anger,Anticipation,Anger,Anger,Anger,Anger,Anger,Anger,Anticipation,Anticipation,Joy,Anticipation,Anger,No Data,Anger,Anger,Anger,Anticipation,Joy,Anticipation,Joy,Anger,Anger,Anticipation,Anticipation,Joy,Anticipation,Anticipation,Anger,Joy,Joy,Fear,No Data,Joy,Joy,No Data,No Data,No Data,Joy,Anger,Anger,Anticipation,Joy,Anger,No Data,Joy,Anger,No Data,No Data,No Data,No Data,No Data,No Data,No Data,No Data,No Data,No Data,No Data,Anticipation,Joy,Anticipation,Anger,Anger,Joy,Anticipation,Anger,Joy,Joy,Anger,Anger,Surprise,Anticipation,Anger,Sadness,Anger,Anger,Anticipation,Anger,Anger,Anger,Anger,Anger,Anger,Joy,Joy,Anger,Anger,Anger,Anger,Joy,No Data,No Data,Anger,Sadness,Anger,Fear,Anger,No Data,Anger,Anger,Joy,Anticipation,No Data,Anticipation,Anticipation,Anger,No Data,Anticipation,Trust,Anger,Joy,Anticipation,Joy,Sadness,Sadness,Anger,Anger,Anticipation,Anger,Joy,Anticipation,Anger,Anticipation,Joy,Anger,Anger,Anger,Anger,Anticipation,Anger,Anger,Anticipation,Anticipation,No Data,Anger,Anger,Joy,Anger,Anger,Joy,Anticipation,Anger,Joy,Anticipation,Joy,Sadness,Anticipation,Anticipation,Anger,Anger,Anger,Anticipation,Sadness,Anger,Anger,Joy,Anger,Joy,Anticipation,Joy,Sadness,Joy,Joy
SG,Anger,Anger,Anger,Anger,No Data,Anger,Anger,Joy,Anger,Anger,No Data,Anger,Anger,Anger,Anger,No Data,No Data,Anger,No Data,No Data,No Data,No Data,Anticipation,Joy,No Data,Anger,Anger,Anticipation,Joy,Anger,Anger,No Data,Anger,Anger,No Data,Anger,No Data,Anger,Joy,Anger,Anger,Joy,Joy,Anticipation,Anger,Anger,Anticipation,Anger,Anger,Anger,Anger,Joy,Anger,Anger,Anger,Joy,Anger,Anger,No Data,Joy,Anger,Anger,Anticipation,No Data,Anger,Anger,Anger,Anger,Anger,No Data,Anger,Anger,No Data,Anger,Anger,Anticipation,Anger,Anger,Anger,No Data,Anger,Fear,No Data,Anger,Joy,Joy,No Data,No Data,No Data,No Data,Anger,Anger,Anger,Anger,Joy,No Data,No Data,Anger,Anticipation,Anger,Anger,Anger,Anger,Fear,Anger,Anger,Anger,Anger,Anger,Trust,Anger,Joy,Anger,Anticipation,Joy,Anger,Anger,Anger,Anticipation,Anger,Joy,Joy,Anticipation,Anger,Anticipation,Anger,Anger,Joy,Joy,Joy,Anger,Joy,Anticipation,Anticipation,Joy,Anticipation,Joy,Anger,Joy,Joy,Anger,Anger,Anticipation,Joy,Anticipation,Joy,Anticipation,Joy,Anticipation,Anger,Joy,Sadness,Joy,Anger,Joy,Anticipation,Anticipation,Anticipation,Joy,Anticipation,Anticipation,Joy,Anticipation,Joy,Anticipation,Anticipation,Anger,Anticipation,Anticipation,Anticipation,Anger,Anger,Anticipation,Joy,Anticipation,Anticipation,Joy,Anticipation,Anticipation,Anger,Anticipation,Anger,Anticipation,Joy,Joy,Anger,Anticipation,Joy,Anticipation,Anticipation,Joy,Joy,Joy,Anger,Joy,Anger,Anticipation,Fear,Sadness,Joy,Anticipation,Anticipation,Joy,Anticipation,Joy,Joy,Joy,Joy,Anger,Joy,Anticipation,Anger,Anticipation,Joy,Anticipation,Joy,Joy,Anticipation,Anger,Anger,Joy,Sadness,Anticipation,Joy,Joy,Anticipation,Joy,Anger,Anticipation,Anticipation,Joy,Joy,Anticipation,Anticipation,Anticipation,No Data,Anger,Joy,Fear,Joy,Joy,Anger,Anticipation,Anticipation,Anticipation,Anger,Anger,No Data,Joy,Anticipation,No Data,No Data,No Data,Anger,No Data,No Data,No Data,No Data,No Data,No Data,No Data,Anger,Anticipation,Anticipation,Anger,Joy,Anticipation,Anger,Joy,Joy,Anger,Anger,Joy,Joy,Anticipation,Joy,Anticipation,Anticipation,Joy,Anticipation,Joy,Joy,Joy,Anger,Anger,Anticipation,Anger,Anticipation,Anger,Anticipation,Anticipation,Anticipation,Anger,No Data,No Data,Anticipation,Anticipation,Joy,Anticipation,Anticipation,Anticipation,Joy,Joy,Joy,Anger,Joy,Joy,Joy,Anticipation,Joy,Anticipation,Anger,Anger,Anger,Joy,Joy,Anticipation,Anticipation,Anger,Joy,Anticipation,Anger,Joy,Anger,Joy,Anger,Anger,Anticipation,Anger,Anticipation,Anticipation,Anger,Anger,Joy,Joy,Anger,Anger,Anticipation,Anger,Joy,Joy,Anticipation,Anger,Joy,Anger,Anticipation,Anger,Anger,Anger,Joy,Joy,Joy,Anticipation,Anger,Anticipation,Anger,Joy,Anger,Anger,Joy,Joy,Anticipation,Anger,Anger,Joy,Joy
SH,No Data,No Data,No Data,No Data,No Data,No Data,Anger,No Data,No Data,No Data,No Data,No Data,No Data,No Data,No Data,No Data,No Data,No Data,No Data,No Data,No Data,No Data,No Data,No Data,No Data,No Data,No Data,No Data,No Data,No Data,No Data,No Data,No Data,No Data,No Data,No Data,No Data,No Data,No Data,No Data,No Data,No Data,No Data,No Data,No Data,No Data,No Data,No Data,Anger,No Data,No Data,Anger,No Data,No Data,No Data,No Data,No Data,No Data,No Data,No Data,No Data,No Data,No Data,No Data,No Data,No Data,No Data,No Data,No Data,No Data,No Data,No Data,No Data,Anger,No Data,No Data,No Data,No Data,No Data,No Data,Anger,No Data,No Data,No Data,No Data,No Data,No Data,No Data,No Data,No Data,No Data,No Data,No Data,No Data,No Data,No Data,No Data,No Data,No Data,No Data,No Data,No Data,No Data,No Data,No Data,Anger,No Data,No Data,No Data,Anger,Anger,Joy,Anticipation,Anticipation,Anticipation,Joy,Anticipation,No Data,No Data,No Data,Joy,Anger,Anger,No Data,Joy,Anger,Joy,Anticipation,Anger,Anger,Joy,Fear,Anger,Sadness,Anger,Joy,Joy,Joy,Anger,Joy,Anger,Anger,No Data,Anger,Anger,Anticipation,Anger,Anger,Anger,Joy,Joy,Anger,Anger,Anger,Anger,Joy,Anger,Anger,Anger,Joy,Joy,No Data,Anger,Anger,Joy,Joy,Anger,Anger,Anger,Anger,Anger,Anger,Sadness,Anger,Anger,Anger,Anger,Anger,Anger,Anticipation,Anger,Anticipation,Anger,Anger,Joy,Sadness,Joy,Joy,Anger,Anger,Anger,No Data,Joy,Anger,Joy,Anticipation,Joy,Joy,No Data,Anger,Anger,No Data,Anger,Sadness,Anger,Anger,Anger,Anger,Joy,Surprise,Anger,Anger,Anticipation,Anticipation,Anger,Joy,Anger,Anticipation,Joy,Anticipation,Anger,Anger,Anticipation,Anger,Anger,Joy,Anticipation,Anger,Joy,Joy,Anger,Anger,Anger,Anger,Anger,Anger,Anger,Anger,No Data,Anger,Anticipation,Anticipation,Anger,Anger,Anger,Anticipation,Joy,No Data,Joy,Anger,No Data,No Data,No Data,No Data,No Data,No Data,No Data,No Data,No Data,No Data,No Data,Anger,Joy,No Data,Anticipation,Anger,Anticipation,Anger,Anger,Anticipation,Anger,Anger,Anger,Anticipation,Anticipation,Anger,Anticipation,Anger,Anger,Anger,Anger,Anger,Anger,Anger,Surprise,Anticipation,Anger,Anger,Anger,Anticipation,Joy,Anger,Anger,No Data,No Data,Anticipation,Anticipation,Anticipation,Joy,Anticipation,Anger,Anger,Anger,Joy,Anger,Anticipation,Joy,Anticipation,Anticipation,Anger,Anger,Anger,Anticipation,Anger,Anger,Anger,Anger,Anger,Anticipation,Anger,Anger,Anticipation,Joy,Anger,Anger,Sadness,Anger,Joy,Anger,Anticipation,Anger,Anger,Anger,Anticipation,Anger,Joy,No Data,Anger,Joy,Sadness,Anger,Anger,Anger,Anger,Anticipation,Anger,Anger,Anticipation,Anger,Anger,Sadness,Anger,Anger,Anger,Anger,Anger,No Data,Anger,Anger,Anger,Anger,Anger,Joy,Anticipation,Sadness,Joy
SO,No Data,No Data,Anticipation,No Data,Anger,No Data,Anger,No Data,No Data,No Data,No Data,No Data,No Data,Anger,No Data,No Data,Anticipation,No Data,No Data,Sadness,No Data,No Data,No Data,Anger,No Data,Anger,Anticipation,Joy,No Data,Anger,No Data,No Data,Anger,Anger,Joy,No Data,No Data,No Data,No Data,No Data,Anger,No Data,No Data,Anger,No Data,Anger,Anger,No Data,Anger,No Data,No Data,Anger,No Data,No Data,No Data,Anger,Anger,No Data,Anger,No Data,No Data,Anger,Anger,Anger,No Data,Anger,Anger,Anger,No Data,Anger,Anticipation,Anger,Anger,No Data,No Data,Anger,No Data,Anger,Anger,No Data,No Data,Anger,No Data,No Data,Anger,No Data,No Data,No Data,No Data,No Data,Anger,No Data,No Data,Anger,No Data,Anger,Anger,No Data,No Data,No Data,No Data,No Data,No Data,Anger,No Data,Anger,No Data,No Data,Anger,Anger,Anger,Sadness,Joy,Anticipation,Anticipation,Sadness,Anger,Anger,Anger,No Data,Joy,Anger,Anticipation,Anger,Joy,Anger,Anticipation,Anticipation,Anger,Anger,Joy,Joy,Anticipation,Anticipation,Anticipation,Anticipation,Anger,Anticipation,Anger,Anticipation,Joy,Joy,Anticipation,Trust,Joy,Anger,Sadness,Anger,Anger,Joy,Anger,Joy,Anger,Fear,Anticipation,Anticipation,Joy,Joy,Joy,Joy,Joy,Joy,Sadness,Anticipation,Anticipation,Joy,Anticipation,Joy,Anticipation,Joy,Joy,Anger,Anger,Joy,Anger,Anticipation,Anticipation,Joy,Joy,Anticipation,Anger,Anticipation,Anticipation,Anticipation,Anger,Joy,Joy,Anger,Anticipation,Joy,Anger,Anticipation,Anticipation,Anger,Anticipation,Joy,Sadness,Joy,Anticipation,Anticipation,Joy,Anticipation,Anticipation,Anticipation,Joy,Anger,Anticipation,Anticipation,Anger,Joy,Joy,Anticipation,Joy,Anticipation,Anger,Anticipation,Anticipation,Anticipation,Anticipation,Anticipation,Anticipation,Joy,Anger,Joy,Joy,Anger,Anticipation,Joy,Anticipation,Anticipation,Anger,Anticipation,Joy,Anticipation,Joy,No Data,Anger,Anger,No Data,Anger,Anger,Joy,Joy,Anticipation,Joy,Joy,Joy,No Data,Joy,Anger,No Data,No Data,No Data,No Data,No Data,No Data,No Data,No Data,No Data,No Data,No Data,Anticipation,Joy,Anticipation,Anticipation,Joy,Anticipation,Joy,Anticipation,Anticipation,Anticipation,Anger,Anticipation,Joy,Joy,Anticipation,Joy,Anger,Joy,Anger,Anger,Anger,Anger,Anger,Anger,Anticipation,Anger,Joy,Joy,Anticipation,Anticipation,Anger,Anticipation,No Data,No Data,Anger,Joy,Anger,Joy,Joy,Anger,Anger,Anticipation,Anger,Anticipation,Anger,Anticipation,Joy,Anticipation,Joy,Anticipation,Anger,Anticipation,Anger,Joy,Anticipation,Anticipation,Joy,Anticipation,Joy,Anger,Anticipation,Joy,Joy,Anger,Anger,Anticipation,Joy,Anticipation,Joy,Joy,Anticipation,Anticipation,Anticipation,Anger,Anger,No Data,Anger,Joy,Anger,Joy,Sadness,Joy,Anticipation,Anticipation,Anticipation,Anticipation,Joy,Anticipation,Anger,Joy,Joy,Joy,Anticipation,Anger,Anticipation,Joy,Anger,Joy,Joy,Anger,Anticipation,Anticipation,Anger,Joy,Anger
SZ,No Data,No Data,No Data,No Data,No Data,Anticipation,Joy,No Data,No Data,No Data,No Data,No Data,No Data,No Data,Anger,No Data,Anger,No Data,No Data,No Data,Anger,Anger,Anger,Anger,Joy,No Data,Anger,Anticipation,Anger,Anger,No Data,No Data,Joy,Anger,No Data,No Data,Anger,Anticipation,Joy,No Data,Anger,Anger,No Data,No Data,No Data,No Data,No Data,No Data,No Data,No Data,Anger,No Data,No Data,No Data,No Data,No Data,Anger,No Data,No Data,No Data,No Data,No Data,Anticipation,No Data,No Data,No Data,Anger,Anger,Anger,Joy,No Data,Anger,Joy,No Data,No Data,No Data,Anger,No Data,No Data,No Data,No Data,No Data,No Data,Anger,Anger,No Data,Anger,Anger,No Data,Anger,Anger,Anger,No Data,No Data,No Data,No Data,No Data,No Data,Anger,Joy,No Data,No Data,No Data,Anger,No Data,Anger,No Data,Anger,No Data,Anger,Anticipation,Anger,Anger,Sadness,Anger,Joy,Joy,Anger,Anger,Anger,Joy,Anticipation,Anger,Anticipation,Anger,Anger,Joy,Anger,Joy,Anticipation,Anger,Anticipation,Joy,Joy,Sadness,Anticipation,Anger,Joy,Anticipation,Joy,Anger,Anger,Anger,Joy,Anger,Sadness,Anger,Anticipation,Joy,Anticipation,Joy,Anger,Joy,Anger,Disgust,Anger,Anger,Anger,Anticipation,Anticipation,Anger,Joy,Fear,Anger,Anger,Joy,Joy,Anger,Anger,Anger,Anger,Sadness,Anger,Anger,Anger,Anticipation,Anticipation,Joy,Joy,Anger,Joy,Anger,Joy,Anger,Anticipation,Anticipation,Anger,Anger,Anger,Joy,Anger,Anticipation,Anger,Anger,Anger,Anger,Fear,Anticipation,Fear,Anticipation,Anticipation,Anger,Anticipation,Joy,Fear,Anticipation,Anticipation,Anticipation,Joy,Anger,Anticipation,Anticipation,Anger,Anger,Anger,Anger,Joy,Anger,Joy,Joy,Anger,Joy,Anticipation,Anticipation,Anticipation,Joy,Joy,Joy,Anger,Joy,Anticipation,Joy,Anger,Fear,Anger,No Data,Anticipation,Anger,No Data,Anticipation,Anger,Anticipation,Anger,Anticipation,Joy,Joy,Anticipation,No Data,Joy,Joy,No Data,No Data,Anticipation,No Data,No Data,No Data,No Data,No Data,No Data,No Data,No Data,Anger,Anticipation,Joy,Joy,Sadness,Anger,Joy,Joy,Anticipation,Anger,Anger,Joy,Anticipation,Anger,Anticipation,Anticipation,Anger,Anticipation,Anticipation,Anticipation,Anticipation,Anticipation,Anticipation,Anticipation,Joy,Anticipation,Anticipation,Joy,Anger,Anticipation,Anticipation,Joy,No Data,No Data,Anticipation,Anticipation,Anticipation,Anticipation,Anticipation,Anticipation,Joy,Anticipation,Anticipation,Anger,Joy,Anticipation,Anticipation,Anticipation,Anticipation,Anger,Anticipation,Anger,Anger,Anger,Anticipation,Anger,Anger,Joy,Anticipation,Joy,Anticipation,Anticipation,Anticipation,Anticipation,Surprise,Anger,Surprise,Anger,Joy,Joy,Anticipation,Anticipation,Anticipation,Anticipation,Anticipation,No Data,Joy,Joy,Anger,Anticipation,Joy,Anticipation,Joy,Joy,Anger,Joy,Anger,Anger,Joy,Anticipation,Anticipation,Anticipation,Anger,Anticipation,Trust,Joy,Anger,Anger,Anticipation,Joy,Anger,Joy,Anger,Anticipation,Joy
TG,Anger,No Data,No Data,No Data,No Data,Anger,Anger,No Data,Anticipation,Anger,No Data,No Data,No Data,No Data,No Data,Anger,No Data,No Data,No Data,No Data,Anger,No Data,No Data,No Data,No Data,No Data,No Data,Anticipation,Anger,No Data,No Data,No Data,No Data,No Data,No Data,Anger,No Data,No Data,No Data,No Data,No Data,No Data,No Data,No Data,Joy,No Data,No Data,Anger,No Data,No Data,No Data,Anger,No Data,Anger,Anger,Anger,No Data,No Data,Anger,No Data,Joy,No Data,No Data,No Data,No Data,No Data,No Data,Anger,No Data,No Data,No Data,No Data,No Data,No Data,No Data,No Data,Anger,No Data,No Data,Anger,No Data,Anger,No Data,No Data,Anticipation,No Data,No Data,Anticipation,No Data,Anticipation,No Data,No Data,No Data,No Data,No Data,No Data,Anger,Joy,No Data,No Data,Anticipation,Joy,Anger,Anticipation,Anger,No Data,No Data,Anger,Fear,Anticipation,Joy,Joy,Anger,Joy,Anticipation,Anticipation,Anger,Disgust,Anger,Anger,Joy,Joy,Anticipation,Anticipation,Anticipation,Anticipation,Joy,Anticipation,Anger,Anticipation,Anger,Anger,Joy,Anger,Anger,Anger,Anger,Joy,Anger,Anger,Anger,Joy,Anticipation,Anticipation,Anticipation,Joy,Anger,Anticipation,Joy,Sadness,Sadness,Joy,Anger,Anticipation,Anticipation,Anger,Anticipation,Anticipation,Joy,Anticipation,Anger,Joy,Joy,Anticipation,Anger,Anger,Joy,Anticipation,Anticipation,Anticipation,Anger,Anticipation,Anger,Anger,Anticipation,Anger,Anger,Anticipation,Anger,Anger,Joy,Joy,Joy,Anticipation,Anticipation,Anticipation,Anticipation,Joy,Anticipation,Anger,Anticipation,Anticipation,Anger,Anticipation,Anticipation,Anticipation,Anger,Anger,No Data,Anger,Anger,Anticipation,Joy,Anger,Sadness,Joy,Anger,Anger,Anger,Anger,Anticipation,Anticipation,Anticipation,Joy,Anger,Anticipation,Anticipation,Anticipation,Joy,Joy,Anticipation,Joy,Sadness,Joy,Anticipation,Joy,Anger,Anticipation,Sadness,Sadness,Joy,Anticipation,Sadness,Sadness,Sadness,No Data,Sadness,Sadness,No Data,Anticipation,Anger,Anticipation,Anger,Anticipation,Anger,Anger,Anticipation,No Data,Anger,Anger,No Data,No Data,No Data,No Data,No Data,No Data,No Data,No Data,No Data,No Data,No Data,Sadness,Sadness,Anger,Anger,Anger,Joy,Anger,Anger,Joy,Anticipation,Anger,Anger,Joy,Anger,Anger,Anticipation,Joy,Joy,Anger,Joy,Anticipation,Anger,Anger,Anger,Anticipation,Joy,Anticipation,Joy,Anger,Anticipation,Anticipation,Anticipation,No Data,No Data,Sadness,Anticipation,Anticipation,Joy,Joy,Anticipation,Joy,Anticipation,Anticipation,Fear,Anticipation,Joy,Sadness,Joy,Anticipation,Anger,Joy,Joy,Joy,Anticipation,Sadness,Sadness,Anticipation,Anger,Joy,Anticipation,Sadness,Anticipation,Sadness,Sadness,Sadness,Sadness,Sadness,Anticipation,Joy,Joy,Anticipation,Sadness,Sadness,Sadness,Anger,No Data,Sadness,Sadness,Sadness,Joy,Sadness,Anticipation,Sadness,Anticipation,Sadness,Joy,Anticipation,Sadness,Anticipation,Anticipation,Joy,Anger,Joy,Joy,Anticipation,Anger,Joy,Sadness,Anticipation,Joy,Anticipation,Anticipation,Sadness,Anger,Joy
TI,No Data,Anger,Anger,No Data,No Data,Anger,Anger,Anger,Anger,Anger,Anger,No Data,Anger,No Data,Anger,Anger,Anger,Anger,Anger,Anger,Anticipation,Joy,Anger,Anger,Anger,Anger,Anticipation,No Data,No Data,Fear,Anticipation,Anger,Joy,Anger,Anger,Anger,Anger,Anger,Anger,Anger,No Data,Anger,Fear,Anger,Fear,Anger,Anger,Anticipation,Anticipation,Anger,Anger,Anger,No Data,Anger,Anger,Anger,Anticipation,Anger,Anger,No Data,Anger,Anger,Anticipation,No Data,Joy,Anger,Anger,Anger,Anger,Anger,Anger,Anger,Anger,Anger,Anger,Anger,Anticipation,Anger,Anger,No Data,Anger,Anger,Joy,Anger,Anger,Anger,Anticipation,Anger,Anger,Joy,Anger,Anger,Anger,Anger,Anger,Anger,Anger,Anger,Anger,No Data,Anger,Anger,No Data,No Data,Anger,No Data,Anger,Anger,Anger,Joy,Joy,Joy,Joy,Joy,Joy,Joy,Joy,Joy,Anger,Anger,Joy,Joy,Joy,Joy,Joy,Joy,Joy,Joy,Joy,Anticipation,Anticipation,Joy,Joy,Joy,Joy,Joy,Joy,Joy,Joy,Joy,Joy,Joy,Joy,Joy,Joy,Joy,Joy,Joy,Joy,Joy,Joy,Joy,Joy,Joy,Joy,Joy,Joy,Joy,Joy,Joy,Joy,Joy,Joy,Joy,Joy,Joy,Joy,Joy,Joy,Joy,Joy,Joy,Joy,Joy,Joy,Joy,Joy,Joy,Joy,Joy,Joy,Joy,Joy,Joy,Joy,Joy,Joy,Joy,Joy,Joy,Joy,Joy,Joy,Joy,Joy,Joy,Joy,Joy,Joy,Joy,Joy,Joy,Joy,Joy,Joy,Joy,Joy,Joy,Joy,Joy,Joy,Joy,Joy,Joy,Joy,Joy,Joy,Joy,Joy,Joy,Joy,Joy,Joy,Joy,Joy,Joy,Joy,Joy,Joy,Joy,Joy,Joy,Joy,Joy,Joy,Trust,Joy,Joy,No Data,Joy,Joy,Anger,Sadness,Joy,Joy,Joy,Anticipation,No Data,Joy,Anger,No Data,No Data,Surprise,No Data,No Data,No Data,No Data,No Data,No Data,No Data,No Data,Anticipation,Anticipation,Anticipation,Anger,Anger,Anticipation,Anger,Anticipation,Anticipation,Anticipation,Sadness,Anticipation,Anticipation,Anticipation,Anticipation,Anticipation,Anger,Anticipation,Anger,Joy,Anger,Anticipation,Joy,Anticipation,Anticipation,Anticipation,Anticipation,Joy,Joy,Joy,Anticipation,Joy,Anger,No Data,Joy,Joy,Joy,Joy,Joy,Joy,Joy,Joy,Joy,Joy,Joy,Joy,Joy,Joy,Joy,Joy,Joy,Joy,Joy,Joy,Joy,Joy,Joy,Joy,Joy,Joy,Joy,Joy,Joy,Joy,Joy,Joy,Joy,Joy,Joy,Joy,Joy,Joy,Joy,Joy,Joy,Anger,Joy,Joy,Joy,Joy,Joy,Joy,Joy,Joy,Joy,Joy,Joy,Joy,Joy,Joy,Joy,Joy,Joy,Joy,Joy,Joy,Joy,Joy,Joy,Joy,Joy,Joy,Joy,Joy,Joy
UR,No Data,No Data,No Data,No Data,No Data,No Data,No Data,No Data,Fear,No Data,No Data,No Data,No Data,No Data,No Data,No Data,No Data,No Data,No Data,No Data,No Data,No Data,No Data,No Data,No Data,No Data,No Data,Anticipation,No Data,No Data,No Data,No Data,No Data,No Data,No Data,No Data,No Data,No Data,No Data,No Data,No Data,No Data,No Data,No Data,No Data,Anger,No Data,Anger,No Data,Anger,Anticipation,No Data,Anger,Anger,No Data,Anger,Anticipation,Anger,Anticipation,Anger,Joy,No Data,No Data,No Data,No Data,No Data,No Data,Anger,No Data,No Data,No Data,No Data,No Data,Anger,No Data,No Data,No Data,No Data,No Data,No Data,No Data,No Data,Anger,No Data,No Data,Anger,No Data,No Data,No Data,No Data,No Data,No Data,No Data,No Data,No Data,No Data,No Data,No Data,No Data,No Data,No Data,No Data,No Data,No Data,No Data,No Data,Anticipation,No Data,No Data,Anger,Anger,Anger,No Data,No Data,No Data,Anger,No Data,No Data,No Data,No Data,No Data,Anger,Anger,Anger,Anger,No Data,No Data,No Data,Joy,Anger,Anticipation,No Data,Anticipation,Anger,Joy,Anger,Anger,Anticipation,Anger,Joy,Anger,No Data,Joy,Anger,No Data,Anger,Anger,Joy,Anticipation,Anticipation,Anticipation,Anticipation,Anticipation,Anger,Anticipation,Anger,No Data,Anger,Anger,Anger,Anger,Anger,Anger,Anticipation,Fear,Anger,Joy,Anger,Fear,Anticipation,Anger,Anger,Anger,No Data,Anger,Anticipation,Anger,No Data,Anticipation,Anger,Anger,Joy,Anger,Anticipation,Anger,Anger,Anger,Anger,Anger,Anger,Anger,Anger,Anger,Anger,Anger,No Data,Anger,Anticipation,Anger,No Data,Anger,Anger,Anticipation,Joy,Anticipation,Anger,Anger,Anger,Anger,Anticipation,Anger,Anticipation,Anger,Anger,Anger,Anger,Anger,Anger,Anger,Anticipation,Joy,Anger,Anger,Joy,Anger,Anticipation,Anger,Anger,Anger,Anger,Anger,Anger,Anger,Anger,Anger,No Data,Anticipation,Anger,No Data,Anger,Anticipation,Anger,Anger,No Data,Anger,Sadness,Anger,No Data,Anticipation,Anger,No Data,No Data,No Data,No Data,No Data,No Data,No Data,No Data,No Data,No Data,No Data,Anger,Anticipation,Anger,Anger,Anger,Surprise,Fear,Anger,Anticipation,Anger,Anger,Anticipation,Anger,Sadness,Anger,Anger,Joy,Anger,Anger,Anger,Anticipation,Anger,Anger,Anticipation,Anger,Anticipation,Anticipation,Anger,Joy,Anger,Anger,Anticipation,No Data,No Data,No Data,Joy,Anger,Anger,Anger,Anger,Anger,No Data,No Data,Anticipation,Anticipation,Anger,No Data,Anger,Anger,Joy,Anger,Anger,Anger,Anger,Anger,No Data,Joy,Anger,Anticipation,Surprise,Sadness,No Data,No Data,Anger,Anger,Anger,Anticipation,Anger,No Data,No Data,Anger,Anger,No Data,Anticipation,Anger,No Data,No Data,No Data,Anger,Anger,Anticipation,Anticipation,Anger,No Data,Anger,Anger,No Data,Anger,Anger,Anger,No Data,No Data,Anger,No Data,No Data,Anticipation,Fear,Anticipation,Anger,No Data,Anger,Anger,Joy,Anger,Anger
VD,Anger,Anger,Joy,Joy,Joy,Anticipation,Joy,Joy,Anger,Joy,Anger,Joy,Anger,Anticipation,Anticipation,Anticipation,Anger,Anticipation,Anger,Anticipation,Anger,Anger,Anticipation,Anticipation,Joy,Anger,Anger,Anticipation,Anger,Joy,Anger,Joy,Anticipation,Anger,Anger,Anger,Anger,Anger,Anticipation,Anger,Anticipation,Anger,Joy,Anticipation,Anger,Joy,Joy,Anger,Anger,Anticipation,Anticipation,Anger,Joy,Anger,Joy,Anger,Anger,Fear,Anticipation,Anticipation,Anger,Anticipation,Anticipation,Anticipation,Joy,Anger,Joy,Anger,Anticipation,Joy,Anticipation,Anticipation,Anger,Anger,Joy,Anticipation,Anger,Joy,Anticipation,Joy,Anger,Joy,Anger,Anger,Anger,Anger,Joy,Anger,Joy,Anticipation,Anger,Joy,Anticipation,Joy,Anger,Anticipation,Anticipation,Joy,Joy,Joy,Joy,Anger,Anger,Joy,Anger,Joy,Anger,Anger,Anticipation,Joy,Joy,Anger,Sadness,Joy,Anticipation,Anticipation,Anticipation,Joy,Anticipation,Joy,Joy,Joy,Anticipation,Joy,Anticipation,Anticipation,Anger,Joy,Sadness,Anger,Anticipation,Joy,Joy,Sadness,Joy,Joy,Joy,Joy,Anticipation,Anger,Joy,Anticipation,Anticipation,Anticipation,Joy,Joy,Anticipation,Anticipation,Anticipation,Joy,Joy,Anticipation,Anger,Anticipation,Joy,Anticipation,Anticipation,Anger,Joy,Anticipation,Joy,Anger,Anticipation,Anticipation,Joy,Anticipation,Joy,Anger,Anger,Anticipation,Joy,Anticipation,Anger,Anticipation,Anticipation,Anticipation,Anticipation,Anticipation,Anticipation,Joy,Anticipation,Anger,Anger,Anticipation,Anticipation,Sadness,Anger,Joy,Anger,Anticipation,Anticipation,Anger,Joy,Anger,Anticipation,Joy,Anticipation,Anticipation,Anticipation,Anticipation,Joy,Anger,Anticipation,Anticipation,Anticipation,Joy,Joy,Anticipation,Anticipation,Anticipation,Anger,Joy,Anticipation,Joy,Anticipation,Joy,Joy,Joy,Sadness,Anticipation,Sadness,Anticipation,Joy,Anticipation,Joy,Anticipation,Joy,Anticipation,Anger,Joy,Joy,Anger,Joy,Anticipation,Anticipation,Joy,Anticipation,Anticipation,Anger,Anticipation,Anticipation,Joy,Anticipation,Anticipation,Anticipation,Joy,Anticipation,No Data,Joy,Anticipation,No Data,Anger,No Data,Anger,Anticipation,Anticipation,No Data,No Data,Anger,No Data,No Data,Joy,Sadness,Joy,Anticipation,Anticipation,Anticipation,Joy,Anticipation,Joy,Anticipation,Anticipation,Anticipation,Anticipation,Joy,Joy,Anticipation,Joy,Anticipation,Joy,Joy,Anticipation,Joy,Joy,Anger,Anger,Joy,Joy,Anger,Anticipation,Joy,Joy,Anticipation,No Data,No Data,Sadness,Sadness,Anticipation,Anticipation,Anticipation,Joy,Sadness,Anticipation,Anticipation,Joy,Joy,Joy,Anticipation,Sadness,Joy,Anticipation,Joy,Joy,Anticipation,Joy,Sadness,Anticipation,Anticipation,Anticipation,Sadness,Joy,Joy,Sadness,Anger,Anticipation,Anticipation,Anticipation,Joy,Anger,Anticipation,Joy,Anticipation,Joy,Joy,Anticipation,Joy,No Data,Joy,Joy,Joy,Anticipation,Joy,Anticipation,Joy,Anticipation,Anger,Anticipation,Anticipation,Joy,Joy,Anticipation,Joy,Anticipation,Anticipation,Joy,Joy,Anticipation,Anticipation,Anger,Anger,Joy,Anticipation,Anger,Anticipation,Sadness,Anticipation
VS,Anticipation,Anger,Anger,Anger,Anticipation,Anticipation,Anger,Anger,Anger,Anger,Anger,Joy,Anger,Anger,Anger,No Data,Anger,Anger,Anger,Joy,Anger,Anger,No Data,Anger,Anger,Anger,Sadness,Anger,Anticipation,Anger,Anger,Anger,Anticipation,No Data,Anger,Anticipation,Anger,Anticipation,Joy,Anger,Anger,Joy,Anger,Sadness,Joy,Anticipation,Anger,Anger,Anger,Anger,Anger,No Data,Anger,No Data,Joy,Anger,Anger,Joy,No Data,Trust,Fear,Anger,Anticipation,Anger,No Data,Anticipation,No Data,Anger,Anger,Joy,Anger,Sadness,Anticipation,Anticipation,Anticipation,Anger,Anger,Anger,No Data,Anger,Anger,Anger,Anger,Joy,Joy,No Data,Anger,Anger,Joy,Anger,Joy,Anger,Fear,Anger,Anger,Anger,Anger,Anticipation,Joy,Anger,Anger,Anger,Anticipation,Joy,Anger,Anger,Joy,Anger,Joy,Anticipation,Anticipation,Anger,Anticipation,Joy,Anticipation,Anticipation,Anticipation,Anger,Anticipation,Anger,Anticipation,Anticipation,Anticipation,Anticipation,Joy,Anticipation,Anticipation,Anticipation,Joy,Anticipation,Joy,Anticipation,Anticipation,Anticipation,Anticipation,Anger,Joy,Anger,Anticipation,Joy,Anticipation,Anticipation,Anticipation,Anticipation,Joy,Anticipation,Anticipation,Anticipation,Anticipation,Joy,Anticipation,Anticipation,Anger,Anger,Anticipation,Anticipation,Anticipation,Joy,Joy,Anticipation,Anger,Anticipation,Anticipation,Anticipation,Joy,Joy,Joy,Joy,Anticipation,Anticipation,Joy,Anticipation,Joy,Anger,Sadness,Anticipation,Anticipation,Anticipation,Anticipation,Anticipation,Joy,Anticipation,Anticipation,Anticipation,Joy,Anticipation,Anticipation,Anticipation,Anticipation,Anticipation,Anticipation,Anticipation,Anticipation,Joy,Joy,Joy,Anticipation,Anticipation,Joy,Joy,Anticipation,Anticipation,Anticipation,Anticipation,Anticipation,Joy,Anger,Anticipation,Joy,Anger,Anticipation,Anger,Anticipation,Anticipation,Anticipation,Anticipation,Anticipation,Anticipation,Anticipation,Fear,Anticipation,Joy,Joy,Anger,Joy,Anger,Anger,Anticipation,Anticipation,Joy,Anger,Joy,Joy,Joy,Anticipation,Anger,Anger,Anger,Anger,Anticipation,Joy,Joy,Anticipation,Joy,Anticipation,Anticipation,Anticipation,No Data,Anticipation,Joy,No Data,No Data,No Data,No Data,No Data,No Data,No Data,No Data,No Data,No Data,No Data,Anticipation,Anger,Anger,Anger,Anticipation,Anticipation,Anticipation,Sadness,Joy,Anticipation,Anger,Anticipation,Anticipation,Sadness,Anticipation,Anger,Anticipation,Anger,Anticipation,Anticipation,Anticipation,Anticipation,Anticipation,Anticipation,Anticipation,Anticipation,Anticipation,Anticipation,Anticipation,Anticipation,Anticipation,Anticipation,Anger,Anticipation,Sadness,Anticipation,Joy,Joy,Joy,Anticipation,Anticipation,Joy,Joy,Anticipation,Sadness,Anticipation,Anticipation,Anger,Joy,Anger,Joy,Anger,Joy,Joy,Anticipation,Anger,Anticipation,Joy,Joy,Anticipation,Joy,Sadness,Joy,Joy,Joy,Anticipation,Anticipation,Anticipation,Joy,Joy,Anticipation,Anticipation,Anticipation,Anticipation,Anticipation,Anticipation,Anticipation,Anticipation,Joy,Anticipation,Anger,Anticipation,Anger,Joy,Anger,Fear,Anger,Anger,Anger,Anticipation,Anticipation,Joy,Joy,Anticipation,Anger,Anticipation,Joy,Anticipation,Anticipation,Anticipation,Joy,Anger,Anticipation,Anticipation,Anticipation
ZG,Anger,No Data,No Data,No Data,Anger,Anger,Anger,Anger,Joy,No Data,No Data,Anger,No Data,No Data,Anger,Anger,Anger,Anger,Anger,Anger,Anger,No Data,No Data,Anger,Anger,Anger,Anger,No Data,No Data,Anger,Anger,Anger,Anger,Anger,No Data,Anger,Anger,Anger,Anger,Anger,Anger,No Data,Anger,Anger,No Data,Anger,Anger,Anger,Anger,Anger,Anger,Anticipation,Anger,Anger,Anger,Anger,No Data,Anger,No Data,No Data,Anger,No Data,Anger,Anger,Anger,Anger,Sadness,Anger,Joy,No Data,Anger,Anger,Anger,No Data,Anger,Anger,No Data,Anger,Anger,Anger,Joy,No Data,Anger,Anticipation,Anticipation,No Data,Anger,Anger,Anticipation,Anger,No Data,Anger,Anger,Anger,No Data,Anger,No Data,No Data,Anger,Anger,Anticipation,Anger,Anger,Anger,Anger,Anger,Joy,No Data,Anger,Anticipation,Joy,Joy,Anticipation,Anger,Anger,Joy,Anger,Anticipation,Sadness,Anticipation,Joy,Anger,Anticipation,Anger,Anticipation,Joy,Anger,Anger,Anticipation,Anger,Joy,Joy,Anger,Anger,Anticipation,Anger,Joy,Joy,Anticipation,Joy,Joy,Joy,Anticipation,Joy,Anger,Joy,Anticipation,Anger,Anger,Joy,Anger,Anger,Anger,Anger,Anticipation,Joy,Anger,Anticipation,Joy,Anticipation,Anger,Anger,Anticipation,Anger,Anticipation,Anticipation,Anger,Anticipation,Joy,Anticipation,Anticipation,Anticipation,Anger,Anger,Joy,Joy,Anger,Anger,Joy,Anticipation,Anger,Anger,Anger,Anticipation,Anticipation,Anger,Anticipation,Anger,Anticipation,Joy,Anticipation,Joy,Anticipation,Anticipation,Anger,Anger,Anticipation,Joy,Anticipation,Joy,Anticipation,Anger,Anticipation,Joy,Sadness,Joy,Anticipation,Anticipation,Joy,Joy,Anticipation,Joy,Anticipation,Anticipation,Anticipation,Anticipation,Joy,Anticipation,Anger,Anticipation,Anger,Anger,Anger,Anger,Anger,Joy,Anticipation,Anticipation,Anger,Anticipation,Anger,Anticipation,Anger,Anger,Anger,Joy,Anticipation,Joy,No Data,Joy,Anger,Anger,Anger,Anger,Anger,Anticipation,Anger,No Data,Joy,Joy,No Data,No Data,No Data,No Data,No Data,No Data,No Data,No Data,No Data,No Data,No Data,Anticipation,Joy,Anticipation,Anger,Sadness,Anticipation,Anticipation,Joy,Anger,Joy,Anger,Joy,Anticipation,Anger,Anger,Anger,Anticipation,Anticipation,Anger,Anger,Joy,Joy,Anger,Anticipation,Anticipation,Joy,Joy,Anger,Anger,Anger,Anticipation,Anticipation,No Data,No Data,Anger,Sadness,Anticipation,Anticipation,Anger,Anger,Joy,Anticipation,Anger,Joy,Anticipation,Anticipation,Anger,Joy,Joy,Anticipation,Anticipation,Anger,Anticipation,Anticipation,Fear,Anticipation,Anger,Joy,Anticipation,Anticipation,Anticipation,Anticipation,Anger,Joy,Joy,Anticipation,Joy,Joy,Anger,Joy,Joy,Joy,Anger,Anticipation,Joy,No Data,Joy,Anticipation,Joy,Joy,Anger,Anger,Anticipation,Joy,Anticipation,Anticipation,Anticipation,Anger,Anger,Joy,Joy,Anger,Sadness,Anticipation,Fear,Anger,Anger,Anger,Anger,Anticipation,Fear,Anticipation,Anger,Anticipation,Anticipation
ZH,Joy,Anger,Anger,Anger,Joy,Anger,Anger,Joy,Joy,Joy,Anger,Anticipation,Joy,Anger,Joy,Anger,Anger,Joy,Anticipation,Anger,Anticipation,Anger,Anger,Joy,Anger,Anticipation,Anger,Joy,Anger,Joy,Anger,Anticipation,Anger,Anger,Anticipation,Joy,Joy,Joy,Anger,Anticipation,Anticipation,Anger,Anger,Anger,Anger,Joy,Anger,Joy,Anger,Joy,Fear,Anger,Anger,Anger,Anticipation,Joy,Anger,Anticipation,Anticipation,Anger,Anger,Anger,Anger,Anticipation,Anger,Anger,Anticipation,Anger,Anger,Anger,Joy,Anger,Anger,Joy,Anticipation,Anger,Joy,Anger,Anger,Anger,Anger,Anger,Anticipation,Anticipation,Anger,Joy,Joy,Anger,Anticipation,Anticipation,Anticipation,Anger,Anger,Anticipation,Anger,Anticipation,Anger,Joy,Anger,Anger,Anticipation,Anticipation,Joy,Anger,Anger,Joy,Anger,Anger,Joy,Anger,Anger,Joy,Anticipation,Sadness,Anger,Anticipation,Anger,Anticipation,Anticipation,Joy,Anticipation,Anticipation,Anticipation,Anger,Anger,Sadness,Joy,Sadness,Sadness,Sadness,Joy,Anticipation,Anticipation,Anticipation,Joy,Joy,Joy,Sadness,Sadness,Joy,Sadness,Anger,Anticipation,Anger,Anger,Anger,Joy,Anticipation,Anger,Joy,Anger,Joy,Anticipation,Anticipation,Anger,Anticipation,Anger,Anticipation,Joy,Anger,Anticipation,Anticipation,Anger,Anticipation,Anger,Anticipation,Anger,Joy,Joy,Anticipation,Anticipation,Anticipation,Anticipation,Joy,Joy,Joy,Anger,Joy,Joy,Anticipation,Anger,Anger,Anger,Anger,Anger,Joy,Anticipation,Anticipation,Anticipation,Anticipation,Anger,Anticipation,Anger,Anger,Joy,Joy,Anticipation,Anticipation,Anticipation,Anger,Anger,Anger,Anger,Joy,Joy,Joy,Anger,Anger,Anticipation,Anticipation,Anger,Joy,Anger,Anger,Anticipation,Anger,Anticipation,Anger,Anger,Anticipation,Anticipation,Anticipation,Anticipation,Anger,Anticipation,Anger,Anger,Anticipation,Anger,Joy,Joy,Anticipation,Anticipation,Anger,Anticipation,Anger,Anger,Joy,Anticipation,Anger,Anticipation,Anticipation,Joy,Anticipation,Anger,Anticipation,Joy,Anger,Anticipation,Anticipation,Anger,No Data,Anger,Anger,Anticipation,Anger,Anger,Anger,No Data,Anger,Anger,Anger,Anticipation,Anticipation,Anticipation,Joy,Joy,Anger,Anger,Anticipation,Anticipation,Joy,Anger,Anticipation,Anticipation,Anticipation,Anticipation,Anger,Anger,Anticipation,Anticipation,Anger,Anger,Anticipation,Anticipation,Anger,Anticipation,Anticipation,Joy,Anticipation,Anticipation,Joy,Anger,Anticipation,Anticipation,Anticipation,Anger,Anticipation,Anger,Joy,Anticipation,Anticipation,Anger,Joy,Anticipation,Anticipation,Anticipation,Anticipation,Anticipation,Joy,Joy,Anticipation,Anticipation,Anger,Anticipation,Anticipation,Joy,Anger,Anticipation,Joy,Anticipation,Anger,Anticipation,Anger,Anger,Anger,Anger,Anger,Joy,Anticipation,Joy,Anticipation,Joy,Joy,Anticipation,Joy,Anger,Anger,Anticipation,Joy,Joy,Joy,Joy,Joy,Anger,Anger,Anticipation,Anger,Joy,Anger,Anticipation,Joy,Joy,Sadness,Joy,Anticipation,Anger,Joy,Anger,Anticipation,Joy,Anticipation,Anticipation,Anger,Anger,Anger
