index,"2012,01,01_tweets","2012,01,02_tweets","2012,01,03_tweets","2012,01,04_tweets","2012,01,05_tweets","2012,01,06_tweets","2012,01,07_tweets","2012,01,08_tweets","2012,01,09_tweets","2012,01,10_tweets","2012,01,11_tweets","2012,01,12_tweets","2012,01,13_tweets","2012,01,14_tweets","2012,01,15_tweets","2012,01,16_tweets","2012,01,17_tweets","2012,01,18_tweets","2012,01,19_tweets","2012,01,20_tweets","2012,01,21_tweets","2012,01,22_tweets","2012,01,23_tweets","2012,01,24_tweets","2012,01,25_tweets","2012,01,26_tweets","2012,01,27_tweets","2012,01,28_tweets","2012,01,29_tweets","2012,01,30_tweets","2012,01,31_tweets","2012,02,01_tweets","2012,02,02_tweets","2012,02,03_tweets","2012,02,04_tweets","2012,02,05_tweets","2012,02,06_tweets","2012,02,07_tweets","2012,02,08_tweets","2012,02,09_tweets","2012,02,10_tweets","2012,02,11_tweets","2012,02,12_tweets","2012,02,13_tweets","2012,02,14_tweets","2012,02,15_tweets","2012,02,16_tweets","2012,02,17_tweets","2012,02,18_tweets","2012,02,19_tweets","2012,02,20_tweets","2012,02,21_tweets","2012,02,22_tweets","2012,02,23_tweets","2012,02,24_tweets","2012,02,25_tweets","2012,02,26_tweets","2012,02,27_tweets","2012,02,28_tweets","2012,02,29_tweets","2012,03,01_tweets","2012,03,02_tweets","2012,03,03_tweets","2012,03,04_tweets","2012,03,05_tweets","2012,03,06_tweets","2012,03,07_tweets","2012,03,08_tweets","2012,03,09_tweets","2012,03,10_tweets","2012,03,11_tweets","2012,03,12_tweets","2012,03,13_tweets","2012,03,14_tweets","2012,03,15_tweets","2012,03,16_tweets","2012,03,17_tweets","2012,03,18_tweets","2012,03,19_tweets","2012,03,20_tweets","2012,03,21_tweets","2012,03,22_tweets","2012,03,23_tweets","2012,03,24_tweets","2012,03,25_tweets","2012,03,26_tweets","2012,03,27_tweets","2012,03,28_tweets","2012,03,29_tweets","2012,03,30_tweets","2012,03,31_tweets","2012,04,01_tweets","2012,04,02_tweets","2012,04,03_tweets","2012,04,04_tweets","2012,04,05_tweets","2012,04,06_tweets","2012,04,07_tweets","2012,04,08_tweets","2012,04,09_tweets","2012,04,10_tweets","2012,04,11_tweets","2012,04,12_tweets","2012,04,13_tweets","2012,04,14_tweets","2012,04,15_tweets","2012,04,16_tweets","2012,04,17_tweets","2012,04,18_tweets","2012,04,19_tweets","2012,04,20_tweets","2012,04,21_tweets","2012,04,22_tweets","2012,04,23_tweets","2012,04,24_tweets","2012,04,25_tweets","2012,04,26_tweets","2012,04,27_tweets","2012,04,28_tweets","2012,04,29_tweets","2012,04,30_tweets","2012,05,01_tweets","2012,05,02_tweets","2012,05,03_tweets","2012,05,04_tweets","2012,05,05_tweets","2012,05,06_tweets","2012,05,07_tweets","2012,05,08_tweets","2012,05,09_tweets","2012,05,10_tweets","2012,05,11_tweets","2012,05,12_tweets","2012,05,13_tweets","2012,05,14_tweets","2012,05,15_tweets","2012,05,16_tweets","2012,05,17_tweets","2012,05,18_tweets","2012,05,19_tweets","2012,05,20_tweets","2012,05,21_tweets","2012,05,22_tweets","2012,05,23_tweets","2012,05,24_tweets","2012,05,25_tweets","2012,05,26_tweets","2012,05,27_tweets","2012,05,28_tweets","2012,05,29_tweets","2012,05,30_tweets","2012,05,31_tweets","2012,06,01_tweets","2012,06,02_tweets","2012,06,03_tweets","2012,06,04_tweets","2012,06,05_tweets","2012,06,06_tweets","2012,06,07_tweets","2012,06,08_tweets","2012,06,09_tweets","2012,06,10_tweets","2012,06,11_tweets","2012,06,12_tweets","2012,06,13_tweets","2012,06,14_tweets","2012,06,15_tweets","2012,06,16_tweets","2012,06,17_tweets","2012,06,18_tweets","2012,06,19_tweets","2012,06,20_tweets","2012,06,21_tweets","2012,06,22_tweets","2012,06,23_tweets","2012,06,24_tweets","2012,06,25_tweets","2012,06,26_tweets","2012,06,27_tweets","2012,06,28_tweets","2012,06,29_tweets","2012,06,30_tweets","2012,07,01_tweets","2012,07,02_tweets","2012,07,03_tweets","2012,07,04_tweets","2012,07,05_tweets","2012,07,06_tweets","2012,07,07_tweets","2012,07,08_tweets","2012,07,09_tweets","2012,07,10_tweets","2012,07,11_tweets","2012,07,12_tweets","2012,07,13_tweets","2012,07,14_tweets","2012,07,15_tweets","2012,07,16_tweets","2012,07,17_tweets","2012,07,18_tweets","2012,07,19_tweets","2012,07,20_tweets","2012,07,21_tweets","2012,07,22_tweets","2012,07,23_tweets","2012,07,24_tweets","2012,07,25_tweets","2012,07,26_tweets","2012,07,27_tweets","2012,07,28_tweets","2012,07,29_tweets","2012,07,30_tweets","2012,07,31_tweets","2012,08,01_tweets","2012,08,02_tweets","2012,08,03_tweets","2012,08,04_tweets","2012,08,05_tweets","2012,08,06_tweets","2012,08,07_tweets","2012,08,08_tweets","2012,08,09_tweets","2012,08,10_tweets","2012,08,11_tweets","2012,08,12_tweets","2012,08,13_tweets","2012,08,14_tweets","2012,08,15_tweets","2012,08,16_tweets","2012,08,17_tweets","2012,08,18_tweets","2012,08,19_tweets","2012,08,20_tweets","2012,08,21_tweets","2012,08,22_tweets","2012,08,23_tweets","2012,08,24_tweets","2012,08,25_tweets","2012,08,26_tweets","2012,08,27_tweets","2012,08,28_tweets","2012,08,29_tweets","2012,08,30_tweets","2012,08,31_tweets","2012,09,01_tweets","2012,09,02_tweets","2012,09,03_tweets","2012,09,04_tweets","2012,09,05_tweets","2012,09,06_tweets","2012,09,07_tweets","2012,09,08_tweets","2012,09,09_tweets","2012,09,10_tweets","2012,09,11_tweets","2012,09,12_tweets","2012,09,13_tweets","2012,09,14_tweets","2012,09,15_tweets","2012,09,16_tweets","2012,09,17_tweets","2012,09,18_tweets","2012,09,19_tweets","2012,09,20_tweets","2012,09,21_tweets","2012,09,22_tweets","2012,09,23_tweets","2012,09,24_tweets","2012,09,25_tweets","2012,09,26_tweets","2012,09,27_tweets","2012,09,28_tweets","2012,09,29_tweets","2012,09,30_tweets","2012,10,01_tweets","2012,10,02_tweets","2012,10,03_tweets","2012,10,04_tweets","2012,10,05_tweets","2012,10,06_tweets","2012,10,07_tweets","2012,10,08_tweets","2012,10,09_tweets","2012,10,10_tweets","2012,10,11_tweets","2012,10,12_tweets","2012,10,13_tweets","2012,10,14_tweets","2012,10,15_tweets","2012,10,16_tweets","2012,10,17_tweets","2012,10,18_tweets","2012,10,19_tweets","2012,10,20_tweets","2012,10,21_tweets","2012,10,22_tweets","2012,10,23_tweets","2012,10,24_tweets","2012,10,25_tweets","2012,10,26_tweets","2012,10,27_tweets","2012,10,28_tweets","2012,10,29_tweets","2012,10,30_tweets","2012,10,31_tweets","2012,11,01_tweets","2012,11,02_tweets","2012,11,03_tweets","2012,11,04_tweets","2012,11,05_tweets","2012,11,06_tweets","2012,11,07_tweets","2012,11,08_tweets","2012,11,09_tweets","2012,11,10_tweets","2012,11,11_tweets","2012,11,12_tweets","2012,11,13_tweets","2012,11,14_tweets","2012,11,15_tweets","2012,11,16_tweets","2012,11,17_tweets","2012,11,18_tweets","2012,11,19_tweets","2012,11,20_tweets","2012,11,21_tweets","2012,11,22_tweets","2012,11,23_tweets","2012,11,24_tweets","2012,11,25_tweets","2012,11,26_tweets","2012,11,27_tweets","2012,11,28_tweets","2012,11,29_tweets","2012,11,30_tweets","2012,12,01_tweets","2012,12,02_tweets","2012,12,03_tweets","2012,12,04_tweets","2012,12,05_tweets","2012,12,06_tweets","2012,12,07_tweets","2012,12,08_tweets","2012,12,09_tweets","2012,12,10_tweets","2012,12,11_tweets","2012,12,12_tweets","2012,12,13_tweets","2012,12,14_tweets","2012,12,15_tweets","2012,12,16_tweets","2012,12,17_tweets","2012,12,18_tweets","2012,12,19_tweets","2012,12,20_tweets","2012,12,21_tweets","2012,12,22_tweets","2012,12,23_tweets","2012,12,24_tweets","2012,12,25_tweets","2012,12,26_tweets","2012,12,27_tweets","2012,12,28_tweets","2012,12,29_tweets","2012,12,30_tweets","2012,12,31_tweets"
AG,4.0,1.0,No Data,No Data,4.0,2.0,4.0,2.0,2.0,1.0,No Data,1.0,3.0,8.0,8.0,5.0,2.0,2.0,5.0,3.0,5.0,1.0,1.0,6.0,10.0,13.0,6.0,2.0,3.0,2.0,4.0,4.0,4.0,1.0,3.0,6.0,No Data,2.0,2.0,5.0,3.0,5.0,5.0,7.0,14.0,4.0,4.0,4.0,4.0,3.0,7.0,No Data,No Data,5.0,1.0,5.0,3.0,5.0,2.0,1.0,1.0,4.0,6.0,2.0,3.0,7.0,5.0,5.0,5.0,2.0,4.0,8.0,6.0,7.0,10.0,5.0,5.0,4.0,12.0,1.0,2.0,5.0,14.0,10.0,5.0,8.0,5.0,1.0,1.0,1.0,3.0,5.0,4.0,4.0,2.0,3.0,1.0,4.0,2.0,No Data,3.0,3.0,5.0,7.0,4.0,4.0,2.0,1.0,5.0,32.0,46,44,58.0,52.0,25.0,42,34.0,13.0,3.0,1.0,22.0,32,39,28.0,48,19.0,45.0,66.0,19.0,27.0,32.0,78.0,68,46,30.0,32,44.0,47.0,30,51.0,14.0,38.0,28.0,32.0,31.0,40.0,31.0,25,40.0,37.0,51.0,45.0,82.0,48,55,55.0,52.0,65.0,64,67.0,64.0,64.0,67.0,54.0,70.0,40.0,54.0,42.0,50.0,33.0,31.0,46.0,52.0,51.0,64.0,62.0,29.0,48.0,78.0,34.0,39.0,28.0,54.0,50.0,40.0,48.0,64,42,33,45.0,33.0,38.0,48.0,76.0,54,31.0,51.0,48.0,24.0,48.0,48.0,51.0,55.0,29.0,54,35,62.0,57,39.0,38,40.0,49,67,59,150.0,189,235.0,156.0,46.0,35.0,35,48.0,75.0,35.0,32,49.0,54.0,70.0,52.0,63.0,63.0,59.0,61,52,53,2.0,47,36.0,3.0,41.0,66.0,59,57,73.0,63.0,69.0,60,No Data,48.0,59,No Data,No Data,1.0,No Data,No Data,No Data,No Data,No Data,5.0,1.0,No Data,59.0,44.0,27.0,52.0,46.0,46,46,50.0,36.0,75,60.0,36.0,39,61.0,32.0,58.0,40.0,45.0,72.0,39.0,48.0,48.0,35.0,35.0,47.0,38,55,40.0,58.0,46.0,91.0,40.0,No Data,No Data,39.0,41.0,49.0,48,44.0,72.0,63,30.0,31.0,33,46.0,78.0,63.0,56,38.0,37.0,37.0,38.0,40.0,54.0,42.0,53.0,33.0,50,38.0,44.0,66,56.0,56.0,50.0,33.0,38.0,42,61.0,136.0,86.0,77.0,65.0,35.0,48.0,79.0,No Data,52.0,36.0,33.0,38.0,47.0,57.0,58.0,70.0,43.0,47.0,27.0,31.0,45,40.0,33.0,29.0,40.0,52.0,19.0,54.0,45.0,78.0,46.0,28.0,52.0,54,48,32.0,71.0
AI,No Data,No Data,No Data,No Data,No Data,No Data,No Data,No Data,No Data,No Data,No Data,No Data,No Data,No Data,No Data,No Data,No Data,1.0,No Data,No Data,No Data,No Data,No Data,No Data,No Data,No Data,No Data,No Data,No Data,No Data,No Data,No Data,No Data,No Data,No Data,No Data,No Data,No Data,No Data,No Data,No Data,No Data,No Data,No Data,No Data,No Data,No Data,No Data,No Data,No Data,No Data,No Data,No Data,No Data,No Data,No Data,No Data,No Data,No Data,No Data,No Data,No Data,No Data,No Data,No Data,No Data,No Data,No Data,No Data,No Data,No Data,No Data,No Data,No Data,No Data,No Data,No Data,No Data,No Data,No Data,No Data,No Data,No Data,No Data,No Data,No Data,No Data,No Data,No Data,No Data,No Data,No Data,No Data,No Data,No Data,No Data,No Data,No Data,No Data,No Data,No Data,No Data,No Data,No Data,No Data,No Data,No Data,No Data,No Data,No Data,6,1,No Data,No Data,2.0,2,2.0,1.0,No Data,No Data,2.0,1,1,No Data,5,20.0,12.0,1.0,No Data,1.0,6.0,13.0,9,7,1.0,1,2.0,4.0,1,1.0,5.0,5.0,15.0,1.0,8.0,4.0,11.0,12,3.0,3.0,8.0,4.0,5.0,5,9,5.0,7.0,6.0,3,1.0,1.0,No Data,No Data,No Data,1.0,No Data,No Data,No Data,No Data,2.0,No Data,No Data,1.0,1.0,1.0,2.0,No Data,1.0,No Data,No Data,No Data,No Data,No Data,No Data,No Data,No Data,6,1,2,3.0,3.0,No Data,3.0,No Data,19,2.0,No Data,No Data,No Data,1.0,No Data,No Data,No Data,No Data,3,1,1.0,1,No Data,1,No Data,2,1,4,2.0,1,2.0,1.0,No Data,No Data,1,No Data,No Data,No Data,2,No Data,No Data,No Data,No Data,No Data,1.0,1.0,2,2,1,1.0,2,1.0,No Data,No Data,No Data,1,3,2.0,1.0,No Data,1,No Data,No Data,1,No Data,No Data,No Data,No Data,No Data,No Data,No Data,1.0,No Data,No Data,No Data,1.0,No Data,No Data,No Data,No Data,2,1,1.0,No Data,2,No Data,No Data,1,No Data,No Data,No Data,No Data,No Data,No Data,1.0,No Data,1.0,2.0,No Data,No Data,1,1,No Data,No Data,No Data,No Data,No Data,No Data,No Data,No Data,No Data,No Data,1,No Data,1.0,1,No Data,5.0,1,3.0,No Data,2.0,1,No Data,No Data,No Data,No Data,No Data,No Data,No Data,No Data,No Data,1,No Data,No Data,1,No Data,1.0,No Data,No Data,No Data,1,No Data,No Data,No Data,1.0,No Data,No Data,No Data,No Data,No Data,No Data,No Data,No Data,No Data,No Data,No Data,No Data,No Data,No Data,No Data,No Data,No Data,3,No Data,No Data,No Data,No Data,2.0,No Data,No Data,No Data,No Data,No Data,No Data,No Data,3,1,No Data,No Data
AR,No Data,No Data,No Data,No Data,No Data,4.0,No Data,No Data,No Data,No Data,No Data,No Data,No Data,No Data,No Data,No Data,No Data,No Data,1.0,No Data,No Data,No Data,No Data,No Data,No Data,No Data,No Data,No Data,No Data,1.0,No Data,No Data,No Data,No Data,No Data,No Data,No Data,No Data,No Data,No Data,No Data,No Data,No Data,No Data,No Data,No Data,No Data,No Data,No Data,No Data,No Data,No Data,No Data,No Data,No Data,No Data,No Data,No Data,No Data,No Data,No Data,No Data,1.0,1.0,1.0,No Data,No Data,No Data,No Data,No Data,No Data,No Data,No Data,No Data,No Data,No Data,No Data,No Data,No Data,No Data,No Data,No Data,No Data,No Data,No Data,No Data,No Data,1.0,No Data,No Data,2.0,3.0,2.0,2.0,2.0,No Data,No Data,1.0,1.0,1.0,No Data,7.0,2.0,5.0,2.0,1.0,5.0,No Data,8.0,4.0,4,3,1.0,No Data,7.0,3,2.0,2.0,1.0,4.0,No Data,5,4,4.0,1,No Data,5.0,No Data,2.0,No Data,1.0,2.0,2,1,No Data,1,No Data,No Data,1,No Data,No Data,No Data,No Data,No Data,No Data,No Data,No Data,1,No Data,No Data,No Data,No Data,No Data,8,2,No Data,No Data,No Data,1,No Data,2.0,3.0,No Data,No Data,1.0,1.0,2.0,No Data,No Data,No Data,1.0,2.0,No Data,1.0,No Data,No Data,1.0,1.0,2.0,No Data,1.0,No Data,2.0,1.0,No Data,No Data,5,1,2,No Data,No Data,1.0,9.0,7.0,1,4.0,No Data,7.0,3.0,No Data,4.0,2.0,No Data,No Data,4,4,No Data,3,4.0,1,1.0,1,4,4,6.0,1,4.0,No Data,5.0,5.0,1,4.0,5.0,2.0,4,No Data,No Data,2.0,1.0,1.0,No Data,No Data,3,1,1,No Data,2,2.0,No Data,3.0,No Data,1,5,No Data,No Data,1.0,1,No Data,1.0,2,No Data,No Data,No Data,No Data,No Data,No Data,No Data,No Data,No Data,No Data,No Data,No Data,1.0,4.0,1.0,No Data,1,7,1.0,No Data,3,2.0,No Data,1,1.0,3.0,No Data,6.0,3.0,1.0,No Data,No Data,No Data,No Data,No Data,No Data,2,1,No Data,5.0,7.0,9.0,5.0,No Data,No Data,7.0,8.0,5.0,16,13.0,4.0,7,7.0,6.0,7,2.0,5.0,9.0,8,1.0,2.0,4.0,3.0,1.0,2.0,No Data,3.0,2.0,5,No Data,7.0,11,3.0,1.0,No Data,1.0,No Data,2,1.0,1.0,4.0,4.0,1.0,3.0,1.0,2.0,No Data,3.0,5.0,5.0,6.0,3.0,7.0,1.0,1.0,6.0,5.0,7.0,5.0,7,3.0,5.0,7.0,1.0,4.0,5.0,No Data,3.0,8.0,3.0,2.0,3.0,4,1,2.0,2.0
BE,11.0,24.0,13.0,9.0,6.0,5.0,12.0,6.0,1.0,14.0,8.0,3.0,19.0,7.0,15.0,No Data,13.0,21.0,3.0,5.0,21.0,9.0,2.0,19.0,16.0,5.0,15.0,8.0,4.0,4.0,3.0,10.0,8.0,18.0,17.0,3.0,9.0,1.0,8.0,9.0,5.0,13.0,9.0,2.0,11.0,8.0,12.0,11.0,9.0,14.0,26.0,14.0,15.0,12.0,13.0,4.0,6.0,8.0,6.0,13.0,12.0,24.0,19.0,7.0,27.0,18.0,10.0,7.0,19.0,8.0,15.0,19.0,11.0,15.0,7.0,14.0,9.0,5.0,4.0,6.0,5.0,14.0,12.0,15.0,6.0,8.0,11.0,11.0,6.0,12.0,12.0,15.0,7.0,17.0,20.0,16.0,7.0,8.0,3.0,8.0,14.0,14.0,24.0,10.0,13.0,5.0,19.0,5.0,17.0,81.0,104,143,134.0,83.0,137.0,121,118.0,28.0,24.0,18.0,84.0,86,110,71.0,125,102.0,102.0,225.0,154.0,200.0,181.0,80.0,79,136,63.0,100,125.0,94.0,82,120.0,265.0,107.0,132.0,109.0,93.0,135.0,123.0,132,124.0,144.0,186.0,134.0,166.0,141,83,99.0,102.0,114.0,124,140.0,125.0,100.0,95.0,96.0,116.0,135.0,100.0,109.0,157.0,160.0,84.0,164.0,129.0,117.0,127.0,130.0,129.0,136.0,162.0,163.0,124.0,149.0,156.0,116.0,177.0,175.0,156,142,178,131.0,132.0,149.0,123.0,238.0,132,225.0,211.0,143.0,72.0,103.0,119.0,129.0,89.0,111.0,87,96,77.0,124,123.0,119,113.0,145,112,163,201.0,170,127.0,134.0,138.0,99.0,183,122.0,190.0,153.0,115,110.0,116.0,192.0,74.0,148.0,159.0,106.0,157,315,171,5.0,128,80.0,3.0,133.0,137.0,185,191,216.0,129.0,120.0,170,No Data,110.0,123,No Data,1.0,No Data,No Data,No Data,No Data,No Data,No Data,1.0,No Data,1.0,80.0,133.0,61.0,171.0,183.0,315,181,171.0,195.0,115,129.0,125.0,152,143.0,145.0,112.0,117.0,203.0,149.0,94.0,130.0,139.0,86.0,113.0,140.0,105,130,90.0,224.0,75.0,135.0,86.0,No Data,No Data,93.0,105.0,124.0,74,132.0,110.0,110,127.0,84.0,112,145.0,156.0,105.0,114,77.0,97.0,78.0,77.0,102.0,110.0,118.0,79.0,96.0,107,89.0,127.0,143,96.0,109.0,94.0,150.0,93.0,135,126.0,151.0,92.0,118.0,99.0,92.0,111.0,118.0,No Data,105.0,106.0,75.0,130.0,129.0,132.0,99.0,96.0,91.0,93.0,75.0,92.0,96,99.0,104.0,94.0,121.0,87.0,87.0,165.0,147.0,155.0,119.0,153.0,132.0,256,145,206.0,205.0
BL,No Data,No Data,No Data,No Data,No Data,1.0,No Data,No Data,No Data,1.0,No Data,1.0,No Data,2.0,No Data,1.0,No Data,No Data,No Data,1.0,No Data,No Data,No Data,No Data,No Data,1.0,No Data,No Data,No Data,No Data,1.0,No Data,No Data,1.0,No Data,1.0,No Data,No Data,1.0,No Data,No Data,No Data,No Data,No Data,No Data,No Data,1.0,No Data,1.0,No Data,No Data,No Data,3.0,1.0,2.0,No Data,No Data,4.0,1.0,1.0,2.0,1.0,No Data,3.0,2.0,1.0,2.0,2.0,No Data,No Data,No Data,No Data,No Data,2.0,No Data,1.0,No Data,1.0,No Data,1.0,1.0,1.0,No Data,1.0,No Data,4.0,1.0,No Data,No Data,2.0,1.0,No Data,No Data,1.0,1.0,1.0,No Data,1.0,No Data,No Data,2.0,1.0,No Data,No Data,No Data,No Data,No Data,No Data,1.0,11.0,31,43,30.0,32.0,57.0,34,66.0,5.0,No Data,2.0,13.0,9,50,26.0,11,16.0,31.0,20.0,13.0,19.0,13.0,8.0,18,155,13.0,20,11.0,18.0,18,19.0,24.0,25.0,14.0,17.0,8.0,14.0,48.0,7,19.0,88.0,23.0,13.0,22.0,32,15,13.0,111.0,18.0,33,137.0,140.0,103.0,104.0,23.0,25.0,22.0,29.0,50.0,20.0,124.0,42.0,28.0,25.0,43.0,26.0,34.0,24.0,33.0,26.0,13.0,28.0,34.0,12.0,22.0,16.0,23.0,60,31,20,32.0,37.0,27.0,26.0,47.0,37,21.0,19.0,18.0,9.0,34.0,31.0,41.0,20.0,22.0,33,32,36.0,83,22.0,26,8.0,36,18,12,16.0,16,12.0,22.0,47.0,51.0,106,84.0,39.0,57.0,87,94.0,60.0,53.0,18.0,43.0,53.0,102.0,44,34,44,1.0,24,25.0,No Data,33.0,52.0,44,41,46.0,78.0,80.0,62,No Data,29.0,25,No Data,No Data,No Data,No Data,No Data,No Data,No Data,No Data,No Data,No Data,1.0,23.0,27.0,15.0,40.0,31.0,20,38,32.0,18.0,20,22.0,35.0,25,47.0,25.0,18.0,30.0,49.0,40.0,27.0,32.0,23.0,33.0,26.0,46.0,29,103,33.0,15.0,27.0,22.0,33.0,No Data,No Data,35.0,55.0,34.0,34,48.0,43.0,41,22.0,19.0,49,46.0,52.0,53.0,52,58.0,37.0,22.0,42.0,29.0,47.0,63.0,32.0,31.0,38,21.0,33.0,33,24.0,43.0,42.0,45.0,26.0,47,19.0,31.0,29.0,23.0,21.0,21.0,38.0,27.0,No Data,45.0,46.0,56.0,24.0,40.0,51.0,50.0,77.0,43.0,71.0,53.0,48.0,61,119.0,38.0,56.0,42.0,39.0,39.0,39.0,39.0,67.0,87.0,33.0,36.0,58,50,54.0,75.0
BS,No Data,No Data,No Data,3.0,5.0,6.0,3.0,1.0,1.0,2.0,13.0,4.0,4.0,6.0,1.0,2.0,3.0,No Data,4.0,5.0,No Data,3.0,2.0,4.0,4.0,8.0,7.0,1.0,5.0,4.0,2.0,5.0,4.0,9.0,4.0,4.0,2.0,3.0,3.0,1.0,1.0,4.0,1.0,No Data,6.0,6.0,6.0,2.0,6.0,1.0,4.0,6.0,4.0,1.0,2.0,No Data,1.0,2.0,3.0,4.0,2.0,4.0,2.0,1.0,No Data,1.0,19.0,14.0,13.0,8.0,5.0,4.0,5.0,7.0,5.0,No Data,1.0,2.0,4.0,4.0,1.0,5.0,7.0,3.0,1.0,3.0,4.0,8.0,1.0,1.0,2.0,1.0,No Data,4.0,4.0,2.0,2.0,5.0,3.0,1.0,8.0,3.0,2.0,1.0,7.0,8.0,4.0,4.0,4.0,51.0,69,40,46.0,27.0,29.0,30,52.0,7.0,4.0,1.0,50.0,26,28,39.0,41,34.0,56.0,26.0,62.0,33.0,26.0,24.0,54,57,45.0,41,51.0,34.0,43,44.0,29.0,37.0,69.0,23.0,28.0,42.0,64.0,50,35.0,36.0,89.0,87.0,138.0,114,93,108.0,64.0,81.0,92,127.0,83.0,39.0,64.0,61.0,118.0,94.0,146.0,112.0,68.0,80.0,76.0,137.0,40.0,87.0,66.0,48.0,56.0,71.0,85.0,52.0,85.0,45.0,46.0,40.0,97.0,68.0,66,71,38,16.0,55.0,35.0,53.0,36.0,55,42.0,23.0,35.0,35.0,26.0,61.0,58.0,47.0,27.0,42,39,52.0,44,49.0,22,27.0,44,59,29,39.0,98,59.0,34.0,67.0,49.0,41,40.0,73.0,49.0,48,57.0,35.0,77.0,50.0,48.0,69.0,63.0,69,63,67,No Data,50,23.0,No Data,35.0,37.0,64,74,119.0,71.0,79.0,65,9.0,61.0,76,4.0,No Data,No Data,No Data,No Data,No Data,No Data,No Data,No Data,No Data,No Data,93.0,65.0,22.0,56.0,101.0,96,45,41.0,49.0,68,77.0,54.0,67,46.0,73.0,89.0,67.0,39.0,76.0,55.0,44.0,56.0,37.0,52.0,74.0,35,70,65.0,45.0,63.0,56.0,77.0,No Data,No Data,30.0,84.0,56.0,84,85.0,90.0,43,39.0,62.0,59,80.0,74.0,74.0,44,70.0,89.0,48.0,36.0,64.0,71.0,51.0,48.0,120.0,56,58.0,36.0,52,64.0,66.0,56.0,68.0,35.0,63,39.0,30.0,47.0,54.0,66.0,104.0,80.0,92.0,No Data,47.0,44.0,40.0,58.0,86.0,57.0,53.0,52.0,51.0,60.0,76.0,98.0,66,41.0,66.0,83.0,61.0,79.0,57.0,52.0,51.0,30.0,20.0,65.0,36.0,41,43,25.0,62.0
FR,3.0,No Data,1.0,No Data,1.0,1.0,2.0,No Data,No Data,1.0,1.0,No Data,1.0,No Data,1.0,No Data,No Data,1.0,2.0,4.0,No Data,1.0,1.0,4.0,2.0,1.0,1.0,6.0,1.0,1.0,2.0,No Data,1.0,4.0,1.0,4.0,2.0,No Data,2.0,No Data,No Data,4.0,4.0,1.0,No Data,No Data,No Data,4.0,1.0,No Data,No Data,1.0,1.0,No Data,3.0,3.0,No Data,No Data,No Data,2.0,1.0,1.0,No Data,No Data,No Data,No Data,No Data,No Data,No Data,3.0,1.0,No Data,2.0,2.0,2.0,2.0,2.0,No Data,3.0,2.0,No Data,1.0,No Data,No Data,6.0,No Data,4.0,No Data,2.0,6.0,No Data,No Data,1.0,No Data,No Data,No Data,1.0,No Data,4.0,3.0,No Data,No Data,No Data,No Data,No Data,2.0,1.0,4.0,2.0,40.0,82,209,123.0,80.0,78.0,82,86.0,10.0,7.0,1.0,77.0,62,90,56.0,48,57.0,55.0,95.0,40.0,46.0,50.0,55.0,56,103,60.0,47,46.0,73.0,72,93.0,107.0,70.0,59.0,51.0,41.0,59.0,55.0,61,60.0,48.0,59.0,155.0,62.0,66,73,57.0,51.0,61.0,45,72.0,56.0,51.0,46.0,50.0,76.0,54.0,53.0,63.0,47.0,71.0,70.0,77.0,56.0,59.0,73.0,69.0,56.0,90.0,63.0,77.0,64.0,67.0,54.0,63.0,63.0,76.0,59,53,68,60.0,75.0,62.0,57.0,53.0,43,60.0,32.0,52.0,38.0,39.0,53.0,51.0,65.0,60.0,74,86,68.0,68,115.0,76,60.0,93,53,70,77.0,94,182.0,223.0,156.0,65.0,127,99.0,91.0,84.0,82,46.0,73.0,50.0,33.0,84.0,137.0,88.0,92,62,44,No Data,38,28.0,No Data,42.0,53.0,42,41,51.0,42.0,55.0,51,No Data,44.0,61,No Data,No Data,No Data,No Data,No Data,No Data,No Data,No Data,No Data,No Data,No Data,35.0,44.0,29.0,44.0,62.0,73,54,42.0,46.0,70,75.0,72.0,63,69.0,80.0,65.0,70.0,84.0,67.0,79.0,82.0,67.0,61.0,83.0,79.0,86,77,96.0,82.0,79.0,59.0,84.0,No Data,No Data,87.0,86.0,76.0,84,75.0,94.0,134,59.0,84.0,72,73.0,52.0,72.0,83,58.0,67.0,48.0,59.0,68.0,79.0,94.0,78.0,73.0,81,72.0,87.0,72,69.0,67.0,49.0,58.0,66.0,68,64.0,49.0,78.0,80.0,73.0,69.0,49.0,54.0,No Data,71.0,69.0,70.0,75.0,68.0,137.0,94.0,86.0,68.0,61.0,66.0,70.0,73,73.0,67.0,63.0,69.0,67.0,66.0,49.0,95.0,63.0,76.0,73.0,73.0,73,82,70.0,87.0
GE,9.0,13.0,16.0,22.0,20.0,35.0,23.0,29.0,15.0,37.0,17.0,33.0,34.0,18.0,19.0,20.0,22.0,32.0,33.0,20.0,30.0,6.0,15.0,29.0,31.0,35.0,34.0,22.0,11.0,42.0,37.0,30.0,30.0,39.0,28.0,9.0,19.0,29.0,36.0,26.0,23.0,19.0,9.0,20.0,26.0,23.0,30.0,22.0,41.0,15.0,23.0,28.0,110.0,102.0,80.0,36.0,19.0,31.0,18.0,35.0,30.0,34.0,24.0,21.0,34.0,38.0,28.0,29.0,31.0,36.0,13.0,52.0,33.0,24.0,52.0,40.0,34.0,15.0,16.0,24.0,37.0,27.0,21.0,15.0,18.0,35.0,33.0,19.0,68.0,26.0,26.0,12.0,20.0,29.0,12.0,41.0,13.0,13.0,10.0,19.0,41.0,37.0,15.0,34.0,32.0,17.0,23.0,33.0,37.0,207.0,357,284,244.0,348.0,428.0,319,326.0,88.0,15.0,12.0,170.0,212,334,239.0,279,252.0,211.0,233.0,262.0,295.0,1189.0,1115.0,297,282,276.0,314,311.0,328.0,241,160.0,172.0,261.0,345.0,283.0,291.0,349.0,336.0,269,229.0,258.0,230.0,257.0,267.0,304,273,419.0,319.0,367.0,305,386.0,317.0,265.0,350.0,324.0,380.0,350.0,295.0,255.0,310.0,274.0,265.0,402.0,241.0,236.0,242.0,243.0,253.0,290.0,293.0,237.0,246.0,287.0,225.0,216.0,262.0,258.0,282,324,254,271.0,319.0,259.0,273.0,263.0,278,191.0,197.0,212.0,121.0,181.0,215.0,211.0,193.0,141.0,180,220,217.0,205,228.0,167,177.0,202,269,236,196.0,287,286.0,323.0,352.0,384.0,312,240.0,285.0,266.0,278,261.0,243.0,215.0,152.0,252.0,222.0,219.0,259,309,328,2.0,283,112.0,2.0,237.0,322.0,323,354,338.0,204.0,205.0,260,1.0,215.0,285,No Data,2.0,1.0,3.0,No Data,1.0,3.0,No Data,1.0,1.0,3.0,189.0,320.0,159.0,216.0,217.0,205,235,221.0,222.0,257,300.0,255.0,299,276.0,255.0,223.0,231.0,256.0,302.0,262.0,246.0,261.0,270.0,288.0,258.0,275,312,243.0,263.0,350.0,281.0,267.0,1.0,No Data,306.0,483.0,352.0,359,351.0,357.0,395,283.0,350.0,504,648.0,408.0,364.0,336,361.0,318.0,306.0,305.0,321.0,368.0,419.0,371.0,397.0,358,323.0,351.0,281,288.0,353.0,419.0,342.0,297.0,258,351.0,335.0,346.0,328.0,335.0,279.0,249.0,248.0,1.0,372.0,381.0,330.0,310.0,327.0,328.0,359.0,339.0,415.0,362.0,315.0,256.0,268,401.0,370.0,295.0,303.0,331.0,314.0,271.0,371.0,354.0,363.0,290.0,343.0,335,306,368.0,339.0
GL,No Data,No Data,No Data,No Data,No Data,No Data,No Data,No Data,No Data,No Data,No Data,No Data,No Data,2.0,No Data,No Data,1.0,No Data,No Data,No Data,No Data,No Data,No Data,No Data,No Data,No Data,No Data,No Data,No Data,No Data,No Data,No Data,No Data,No Data,No Data,No Data,No Data,No Data,No Data,No Data,No Data,No Data,No Data,No Data,No Data,No Data,No Data,No Data,No Data,No Data,No Data,No Data,No Data,No Data,No Data,No Data,No Data,No Data,No Data,No Data,No Data,No Data,No Data,No Data,No Data,No Data,1.0,No Data,No Data,No Data,No Data,No Data,No Data,No Data,No Data,No Data,No Data,No Data,No Data,No Data,No Data,No Data,No Data,No Data,No Data,1.0,1.0,No Data,No Data,No Data,No Data,No Data,No Data,No Data,No Data,No Data,No Data,No Data,No Data,No Data,No Data,No Data,No Data,No Data,No Data,1.0,No Data,No Data,No Data,1.0,9,6,1.0,3.0,5.0,1,1.0,No Data,2.0,No Data,4.0,2,5,3.0,1,1.0,2.0,2.0,No Data,1.0,No Data,5.0,3,8,1.0,5,2.0,3.0,3,5.0,2.0,No Data,3.0,8.0,7.0,5.0,8.0,6,No Data,1.0,4.0,4.0,6.0,12,2,5.0,4.0,3.0,3,2.0,No Data,2.0,2.0,2.0,No Data,2.0,1.0,2.0,6.0,No Data,No Data,1.0,1.0,7.0,7.0,9.0,5.0,2.0,7.0,5.0,4.0,7.0,1.0,3.0,4.0,5.0,1,6,4,2.0,1.0,3.0,3.0,2.0,9,No Data,7.0,2.0,No Data,3.0,3.0,5.0,1.0,4.0,1,3,2.0,1,2.0,2,2.0,4,1,1,2.0,6,7.0,3.0,2.0,4.0,2,2.0,4.0,2.0,2,4.0,3.0,2.0,1.0,5.0,7.0,3.0,5,2,3,No Data,6,No Data,No Data,3.0,3.0,1,2,3.0,3.0,7.0,3,No Data,No Data,1,No Data,No Data,No Data,No Data,No Data,No Data,No Data,No Data,No Data,No Data,No Data,4.0,1.0,2.0,2.0,No Data,2,4,No Data,6.0,3,5.0,3.0,5,2.0,2.0,4.0,6.0,6.0,2.0,6.0,5.0,4.0,2.0,4.0,7.0,3,3,1.0,8.0,6.0,5.0,6.0,No Data,No Data,5.0,No Data,2.0,10,7.0,3.0,4,No Data,2.0,4,12.0,7.0,2.0,4,1.0,3.0,1.0,2.0,2.0,6.0,8.0,3.0,8.0,1,1.0,5.0,6,2.0,2.0,4.0,2.0,5.0,3,6.0,4.0,1.0,1.0,4.0,5.0,5.0,4.0,No Data,14.0,2.0,4.0,2.0,7.0,4.0,34.0,4.0,6.0,9.0,7.0,8.0,9,1.0,2.0,11.0,6.0,4.0,3.0,4.0,13.0,2.0,2.0,5.0,2.0,1,3,4.0,3.0
GR,9.0,5.0,4.0,No Data,2.0,1.0,1.0,1.0,1.0,No Data,3.0,3.0,1.0,5.0,9.0,No Data,4.0,1.0,No Data,1.0,11.0,10.0,10.0,17.0,39.0,43.0,31.0,35.0,23.0,3.0,3.0,3.0,No Data,7.0,23.0,6.0,2.0,No Data,1.0,9.0,4.0,2.0,4.0,5.0,1.0,7.0,3.0,5.0,10.0,2.0,No Data,1.0,6.0,3.0,4.0,13.0,1.0,6.0,3.0,12.0,11.0,12.0,22.0,No Data,1.0,No Data,No Data,1.0,6.0,11.0,3.0,2.0,No Data,1.0,No Data,2.0,4.0,4.0,2.0,2.0,No Data,2.0,5.0,6.0,No Data,1.0,No Data,No Data,No Data,No Data,1.0,1.0,No Data,3.0,1.0,No Data,No Data,1.0,1.0,1.0,No Data,No Data,No Data,No Data,No Data,No Data,No Data,1.0,No Data,3.0,8,6,3.0,10.0,36.0,26,21.0,5.0,2.0,1.0,8.0,12,6,5.0,13,15.0,11.0,31.0,10.0,31.0,37.0,22.0,23,22,14.0,13,13.0,17.0,16,20.0,44.0,60.0,97.0,41.0,31.0,18.0,24.0,14,34.0,15.0,17.0,37.0,14.0,40,14,23.0,24.0,21.0,15,29.0,31.0,27.0,12.0,23.0,18.0,19.0,16.0,32.0,17.0,20.0,8.0,26.0,25.0,27.0,49.0,49.0,18.0,12.0,27.0,21.0,22.0,42.0,60.0,56.0,72.0,51.0,57,78,40,42.0,43.0,33.0,43.0,72.0,94,74.0,43.0,23.0,17.0,34.0,25.0,57.0,38.0,37.0,34,25,41.0,33,43.0,54,44.0,66,67,49,41.0,71,89.0,51.0,98.0,63.0,65,30.0,59.0,43.0,39,37.0,54.0,33.0,8.0,60.0,59.0,92.0,65,98,37,1.0,31,16.0,No Data,25.0,40.0,21,19,43.0,38.0,35.0,24,No Data,10.0,11,1.0,No Data,No Data,No Data,No Data,No Data,No Data,No Data,No Data,No Data,No Data,13.0,20.0,7.0,27.0,42.0,37,23,16.0,35.0,18,15.0,17.0,21,32.0,11.0,12.0,35.0,46.0,35.0,32.0,42.0,25.0,24.0,38.0,29.0,19,33,43.0,19.0,24.0,41.0,40.0,No Data,No Data,15.0,28.0,9.0,18,22.0,28.0,17,13.0,15.0,30,18.0,19.0,24.0,13,12.0,18.0,19.0,24.0,21.0,21.0,20.0,22.0,18.0,24,18.0,24.0,26,14.0,13.0,24.0,10.0,13.0,71,23.0,33.0,42.0,30.0,29.0,28.0,20.0,29.0,1.0,34.0,21.0,35.0,43.0,77.0,39.0,31.0,28.0,29.0,28.0,35.0,38.0,45,40.0,20.0,45.0,32.0,57.0,58.0,58.0,65.0,53.0,79.0,98.0,97.0,109,92,85.0,196.0
JU,No Data,No Data,No Data,No Data,No Data,No Data,No Data,No Data,No Data,No Data,No Data,No Data,No Data,No Data,No Data,No Data,No Data,No Data,No Data,No Data,No Data,No Data,No Data,No Data,No Data,No Data,No Data,No Data,No Data,No Data,No Data,No Data,No Data,No Data,No Data,No Data,No Data,No Data,No Data,No Data,No Data,No Data,No Data,No Data,No Data,No Data,No Data,No Data,2.0,No Data,No Data,No Data,No Data,No Data,No Data,No Data,No Data,No Data,No Data,No Data,No Data,No Data,No Data,No Data,No Data,No Data,No Data,No Data,No Data,No Data,No Data,No Data,No Data,No Data,No Data,No Data,No Data,No Data,No Data,1.0,No Data,No Data,No Data,No Data,No Data,No Data,No Data,No Data,No Data,No Data,No Data,No Data,No Data,No Data,No Data,No Data,No Data,No Data,No Data,No Data,No Data,No Data,No Data,No Data,No Data,No Data,No Data,No Data,No Data,20.0,37,48,45.0,51.0,42.0,45,42.0,9.0,No Data,No Data,23.0,33,44,30.0,37,34.0,43.0,37.0,41.0,37.0,33.0,49.0,39,55,38.0,33,32.0,41.0,40,44.0,43.0,39.0,35.0,37.0,30.0,37.0,40.0,30,38.0,33.0,29.0,39.0,37.0,50,43,42.0,41.0,33.0,41,38.0,43.0,41.0,35.0,45.0,40.0,45.0,36.0,41.0,43.0,42.0,37.0,33.0,37.0,41.0,39.0,27.0,43.0,38.0,41.0,44.0,34.0,47.0,46.0,74.0,84.0,45.0,299,465,33,66.0,53.0,49.0,45.0,65.0,141,51.0,139.0,152.0,91.0,26.0,46.0,126.0,161.0,36.0,46,72,41.0,41,47.0,49,34.0,37,48,40,38.0,40,45.0,34.0,35.0,42.0,51,33.0,50.0,43.0,33,44.0,31.0,58.0,28.0,46.0,53.0,42.0,45,51,42,No Data,36,29.0,No Data,27.0,37.0,44,46,43.0,43.0,51.0,40,No Data,29.0,40,No Data,No Data,No Data,No Data,No Data,No Data,No Data,No Data,No Data,No Data,No Data,7.0,41.0,14.0,28.0,34.0,43,39,31.0,27.0,36,43.0,35.0,43,47.0,38.0,36.0,32.0,34.0,33.0,36.0,40.0,38.0,26.0,29.0,33.0,43,43,45.0,37.0,38.0,38.0,42.0,No Data,No Data,52.0,44.0,30.0,37,35.0,41.0,35,30.0,29.0,44,42.0,32.0,41.0,34,34.0,42.0,32.0,28.0,43.0,28.0,58.0,36.0,36.0,40,44.0,42.0,42,47.0,30.0,38.0,32.0,34.0,40,32.0,27.0,29.0,42.0,38.0,27.0,26.0,43.0,No Data,24.0,23.0,31.0,27.0,19.0,29.0,36.0,29.0,34.0,34.0,31.0,29.0,31,33.0,33.0,30.0,36.0,24.0,29.0,30.0,37.0,28.0,40.0,38.0,29.0,34,32,23.0,31.0
LU,1.0,No Data,2.0,2.0,No Data,2.0,3.0,1.0,3.0,No Data,5.0,No Data,4.0,2.0,1.0,3.0,No Data,No Data,5.0,No Data,6.0,2.0,1.0,No Data,1.0,5.0,2.0,2.0,4.0,3.0,5.0,No Data,6.0,2.0,1.0,3.0,No Data,2.0,1.0,2.0,3.0,8.0,10.0,2.0,4.0,1.0,1.0,4.0,2.0,1.0,2.0,3.0,2.0,No Data,No Data,1.0,1.0,4.0,2.0,1.0,1.0,4.0,1.0,No Data,5.0,4.0,3.0,2.0,1.0,3.0,1.0,6.0,3.0,4.0,2.0,No Data,5.0,2.0,10.0,3.0,1.0,1.0,2.0,No Data,1.0,1.0,3.0,2.0,1.0,1.0,2.0,1.0,3.0,5.0,5.0,1.0,1.0,1.0,No Data,1.0,No Data,3.0,2.0,4.0,9.0,2.0,13.0,2.0,No Data,27.0,39,46,49.0,36.0,95.0,23,48.0,10.0,4.0,12.0,26.0,40,37,21.0,23,37.0,52.0,24.0,49.0,29.0,37.0,56.0,36,36,29.0,25,22.0,17.0,35,44.0,48.0,28.0,30.0,28.0,48.0,54.0,33.0,40,33.0,22.0,32.0,27.0,50.0,38,35,34.0,35.0,36.0,21,28.0,51.0,41.0,15.0,24.0,35.0,36.0,40.0,65.0,60.0,49.0,35.0,23.0,47.0,18.0,117.0,33.0,21.0,29.0,31.0,39.0,25.0,35.0,55.0,32.0,44.0,61.0,41,25,51,44.0,19.0,45.0,28.0,27.0,39,57.0,44.0,49.0,19.0,53.0,33.0,36.0,34.0,44.0,31,55,68.0,59,35.0,76,41.0,25,28,114,59.0,28,53.0,51.0,60.0,30.0,32,63.0,63.0,45.0,48,66.0,52.0,59.0,24.0,32.0,87.0,85.0,36,65,33,No Data,61,30.0,No Data,48.0,42.0,38,40,31.0,48.0,35.0,49,No Data,26.0,19,No Data,No Data,No Data,No Data,No Data,No Data,No Data,No Data,No Data,1.0,3.0,34.0,60.0,13.0,57.0,52.0,73,27,27.0,51.0,30,24.0,55.0,31,27.0,35.0,39.0,41.0,48.0,68.0,54.0,65.0,47.0,53.0,78.0,62.0,57,48,56.0,18.0,47.0,30.0,51.0,No Data,No Data,73.0,110.0,51.0,28,51.0,62.0,78,25.0,31.0,50,46.0,44.0,65.0,58,91.0,49.0,67.0,36.0,55.0,79.0,91.0,46.0,50.0,61,100.0,55.0,42,60.0,44.0,25.0,49.0,44.0,31,47.0,48.0,54.0,64.0,43.0,39.0,37.0,35.0,No Data,51.0,24.0,23.0,35.0,28.0,34.0,32.0,46.0,44.0,51.0,23.0,25.0,33,32.0,49.0,52.0,44.0,27.0,51.0,73.0,72.0,40.0,72.0,86.0,56.0,36,57,51.0,64.0
NE,No Data,No Data,5.0,1.0,1.0,1.0,1.0,8.0,5.0,2.0,4.0,1.0,2.0,No Data,1.0,4.0,5.0,7.0,No Data,10.0,No Data,1.0,6.0,4.0,4.0,26.0,5.0,2.0,7.0,1.0,9.0,2.0,1.0,10.0,3.0,1.0,7.0,1.0,8.0,9.0,12.0,24.0,12.0,10.0,No Data,1.0,3.0,1.0,4.0,8.0,12.0,10.0,7.0,5.0,4.0,1.0,1.0,2.0,No Data,No Data,No Data,3.0,3.0,1.0,4.0,6.0,1.0,6.0,8.0,8.0,1.0,2.0,7.0,1.0,6.0,2.0,1.0,1.0,9.0,5.0,No Data,4.0,6.0,2.0,No Data,3.0,No Data,No Data,2.0,1.0,6.0,6.0,7.0,2.0,2.0,3.0,12.0,14.0,1.0,3.0,8.0,4.0,4.0,9.0,10.0,1.0,4.0,21.0,6.0,16.0,26,38,26.0,34.0,34.0,40,36.0,11.0,4.0,3.0,25.0,31,29,31.0,35,39.0,35.0,31.0,40.0,33.0,24.0,31.0,31,31,33.0,27,41.0,35.0,43,27.0,30.0,45.0,28.0,23.0,26.0,30.0,32.0,35,45.0,29.0,25.0,41.0,32.0,32,44,38.0,38.0,49.0,35,32.0,53.0,44.0,42.0,66.0,91.0,32.0,30.0,92.0,39.0,37.0,35.0,36.0,100.0,26.0,86.0,33.0,29.0,53.0,36.0,30.0,32.0,30.0,40.0,28.0,31.0,27.0,37,43,47,27.0,57.0,65.0,25.0,34.0,32,31.0,24.0,23.0,13.0,22.0,29.0,33.0,29.0,42.0,18,20,29.0,30,29.0,37,23.0,27,30,23,34.0,30,28.0,32.0,36.0,26.0,27,28.0,39.0,22.0,34,35.0,24.0,39.0,20.0,30.0,43.0,32.0,31,32,35,No Data,33,24.0,No Data,28.0,67.0,208,61,71.0,42.0,32.0,49,No Data,23.0,35,1.0,No Data,No Data,No Data,No Data,No Data,No Data,No Data,No Data,No Data,No Data,19.0,29.0,12.0,27.0,32.0,36,37,35.0,36.0,51,36.0,38.0,28,35.0,37.0,40.0,43.0,43.0,34.0,37.0,36.0,51.0,40.0,47.0,41.0,41,39,35.0,45.0,45.0,44.0,36.0,No Data,No Data,41.0,55.0,57.0,50,47.0,67.0,35,34.0,62.0,62,56.0,58.0,38.0,54,50.0,67.0,43.0,38.0,39.0,48.0,79.0,47.0,76.0,58,51.0,63.0,64,61.0,49.0,44.0,66.0,64.0,52,44.0,39.0,62.0,48.0,46.0,58.0,51.0,50.0,No Data,42.0,46.0,40.0,55.0,49.0,69.0,51.0,62.0,79.0,56.0,65.0,60.0,64,60.0,42.0,62.0,71.0,57.0,54.0,79.0,67.0,68.0,81.0,74.0,94.0,76,80,45.0,52.0
NW,No Data,No Data,No Data,No Data,No Data,No Data,No Data,No Data,No Data,No Data,No Data,No Data,No Data,No Data,No Data,No Data,1.0,No Data,No Data,No Data,2.0,No Data,No Data,No Data,No Data,No Data,No Data,No Data,No Data,No Data,No Data,No Data,No Data,No Data,No Data,1.0,No Data,No Data,No Data,No Data,No Data,No Data,1.0,No Data,No Data,No Data,No Data,No Data,No Data,No Data,No Data,No Data,No Data,No Data,2.0,No Data,No Data,No Data,No Data,No Data,No Data,No Data,No Data,1.0,No Data,No Data,No Data,No Data,No Data,No Data,No Data,No Data,No Data,No Data,No Data,No Data,No Data,No Data,No Data,No Data,No Data,1.0,1.0,No Data,No Data,No Data,No Data,No Data,No Data,No Data,No Data,No Data,No Data,No Data,No Data,No Data,No Data,No Data,No Data,No Data,No Data,No Data,No Data,No Data,No Data,No Data,No Data,No Data,No Data,1.0,3,2,2.0,No Data,15.0,2,5.0,No Data,No Data,No Data,3.0,1,4,1.0,1,4.0,5.0,2.0,2.0,1.0,2.0,12.0,10,14,6.0,8,3.0,8.0,5,5.0,2.0,1.0,5.0,3.0,3.0,5.0,3.0,1,4.0,5.0,3.0,2.0,1.0,4,9,9.0,9.0,3.0,2,3.0,3.0,No Data,1.0,No Data,3.0,1.0,2.0,1.0,No Data,2.0,2.0,1.0,2.0,3.0,3.0,1.0,3.0,3.0,No Data,3.0,1.0,4.0,No Data,No Data,1.0,1.0,1,4,3,1.0,1.0,No Data,No Data,3.0,3,1.0,3.0,4.0,No Data,No Data,4.0,No Data,2.0,No Data,6,8,7.0,3,3.0,1,1.0,1,1,10,No Data,6,2.0,8.0,2.0,4.0,8,2.0,1.0,No Data,2,2.0,5.0,1.0,1.0,2.0,13.0,5.0,5,4,4,No Data,8,3.0,No Data,9.0,1.0,8,3,1.0,4.0,9.0,3,No Data,4.0,1,No Data,No Data,No Data,No Data,No Data,No Data,No Data,No Data,No Data,No Data,No Data,1.0,3.0,2.0,3.0,2.0,2,2,2.0,4.0,2,4.0,5.0,11,4.0,6.0,1.0,4.0,14.0,4.0,2.0,5.0,1.0,12.0,18.0,30.0,23,31,11.0,33.0,10.0,12.0,24.0,No Data,No Data,16.0,34.0,50.0,25,10.0,5.0,9,19.0,3.0,6,6.0,11.0,13.0,7,5.0,9.0,6.0,2.0,5.0,8.0,5.0,7.0,6.0,4,7.0,9.0,8,1.0,2.0,1.0,7.0,8.0,2,6.0,4.0,4.0,No Data,7.0,16.0,5.0,70.0,No Data,53.0,56.0,34.0,18.0,15.0,73.0,7.0,5.0,4.0,6.0,5.0,8.0,3,4.0,5.0,3.0,7.0,3.0,1.0,4.0,7.0,5.0,6.0,5.0,12.0,6,8,6.0,8.0
OW,No Data,No Data,No Data,No Data,No Data,No Data,No Data,No Data,1.0,No Data,No Data,No Data,2.0,1.0,1.0,No Data,No Data,No Data,1.0,No Data,No Data,No Data,No Data,No Data,No Data,No Data,No Data,No Data,No Data,No Data,No Data,No Data,No Data,2.0,1.0,1.0,No Data,No Data,No Data,No Data,No Data,No Data,No Data,1.0,1.0,No Data,1.0,No Data,No Data,No Data,No Data,No Data,No Data,No Data,3.0,No Data,1.0,1.0,No Data,No Data,No Data,No Data,No Data,1.0,No Data,No Data,No Data,No Data,No Data,1.0,No Data,No Data,No Data,No Data,No Data,No Data,No Data,No Data,No Data,No Data,No Data,17.0,6.0,No Data,No Data,No Data,No Data,No Data,1.0,No Data,No Data,No Data,No Data,No Data,No Data,No Data,No Data,1.0,No Data,No Data,No Data,1.0,No Data,No Data,No Data,No Data,No Data,No Data,No Data,1.0,2,2,40.0,19.0,5.0,9,3.0,No Data,2.0,No Data,113.0,2,7,1.0,3,5.0,3.0,11.0,8.0,5.0,4.0,4.0,2,4,6.0,4,3.0,2.0,4,13.0,4.0,5.0,2.0,12.0,14.0,6.0,4.0,4,No Data,No Data,5.0,2.0,3.0,5,2,3.0,7.0,3.0,4,3.0,19.0,9.0,14.0,7.0,5.0,11.0,36.0,9.0,4.0,4.0,11.0,3.0,4.0,3.0,8.0,13.0,22.0,7.0,5.0,2.0,6.0,8.0,6.0,2.0,4.0,2.0,4,10,12,25.0,7.0,8.0,3.0,5.0,8,9.0,6.0,8.0,3.0,19.0,3.0,25.0,1.0,5.0,6,5,1.0,1,1.0,5,1.0,3,5,15,84.0,2,No Data,9.0,1.0,2.0,18,4.0,5.0,2.0,11,6.0,3.0,9.0,7.0,8.0,7.0,4.0,5,4,5,No Data,17,5.0,No Data,No Data,No Data,4,2,4.0,1.0,5.0,2,No Data,3.0,1,No Data,No Data,No Data,No Data,No Data,No Data,No Data,No Data,No Data,No Data,No Data,6.0,16.0,4.0,2.0,3.0,7,8,1.0,7.0,2,10.0,3.0,2,4.0,1.0,4.0,1.0,5.0,9.0,2.0,1.0,3.0,1.0,4.0,2.0,5,5,4.0,1.0,4.0,2.0,12.0,No Data,No Data,1.0,5.0,4.0,8,1.0,No Data,1,3.0,6.0,6,No Data,9.0,3.0,1,No Data,7.0,4.0,2.0,5.0,6.0,3.0,6.0,6.0,7,1.0,7.0,11,9.0,7.0,5.0,12.0,8.0,11,11.0,5.0,10.0,12.0,4.0,8.0,39.0,39.0,No Data,10.0,9.0,8.0,6.0,12.0,7.0,15.0,10.0,12.0,14.0,10.0,13.0,6,25.0,14.0,22.0,34.0,8.0,4.0,6.0,8.0,6.0,4.0,9.0,12.0,18,9,7.0,20.0
SG,3.0,1.0,3.0,1.0,No Data,2.0,1.0,3.0,1.0,1.0,No Data,4.0,1.0,3.0,1.0,No Data,No Data,3.0,No Data,No Data,No Data,No Data,2.0,2.0,No Data,3.0,4.0,2.0,3.0,2.0,2.0,No Data,3.0,1.0,No Data,2.0,No Data,1.0,1.0,3.0,6.0,4.0,4.0,4.0,5.0,2.0,6.0,3.0,1.0,1.0,3.0,5.0,3.0,6.0,1.0,2.0,3.0,2.0,No Data,2.0,2.0,3.0,6.0,No Data,2.0,1.0,3.0,1.0,3.0,No Data,1.0,2.0,No Data,4.0,5.0,1.0,1.0,2.0,3.0,No Data,1.0,4.0,No Data,1.0,3.0,1.0,No Data,No Data,No Data,No Data,4.0,2.0,1.0,2.0,2.0,No Data,No Data,7.0,3.0,5.0,3.0,2.0,3.0,9.0,8.0,2.0,2.0,1.0,13.0,18.0,26,24,17.0,17.0,34.0,18,29.0,7.0,8.0,8.0,38.0,51,33,27.0,35,37.0,25.0,24.0,25.0,7.0,12.0,21.0,22,11,22.0,3,18.0,11.0,20,20.0,17.0,14.0,20.0,19.0,22.0,20.0,32.0,47,17.0,13.0,24.0,18.0,28.0,29,19,31.0,20.0,20.0,32,27.0,41.0,24.0,28.0,41.0,32.0,23.0,30.0,31.0,27.0,27.0,23.0,26.0,21.0,18.0,34.0,28.0,22.0,23.0,15.0,25.0,23.0,33.0,38.0,12.0,39.0,25.0,32,29,38,87.0,27.0,48.0,22.0,21.0,28,22.0,33.0,26.0,22.0,23.0,59.0,31.0,36.0,26.0,39,45,66.0,58,58.0,45,49.0,30,28,40,34.0,34,48.0,43.0,26.0,20.0,19,42.0,47.0,50.0,54,32.0,46.0,32.0,13.0,30.0,65.0,32.0,34,53,48,No Data,52,41.0,2.0,54.0,68.0,79,76,102.0,56.0,37.0,49,No Data,37.0,45,No Data,No Data,No Data,1.0,No Data,No Data,No Data,No Data,No Data,No Data,No Data,28.0,36.0,25.0,42.0,25.0,41,33,43.0,31.0,38,46.0,44.0,40,32.0,30.0,36.0,37.0,49.0,68.0,31.0,44.0,44.0,39.0,45.0,37.0,59,74,49.0,77.0,43.0,87.0,47.0,No Data,No Data,44.0,76.0,45.0,56,77.0,58.0,60,50.0,61.0,40,44.0,66.0,60.0,51,55.0,101.0,61.0,61.0,89.0,56.0,85.0,35.0,39.0,41,60.0,60.0,49,27.0,34.0,36.0,30.0,39.0,44,41.0,54.0,45.0,53.0,34.0,49.0,67.0,51.0,2.0,62.0,47.0,65.0,55.0,66.0,53.0,60.0,55.0,57.0,58.0,40.0,60.0,51,69.0,47.0,89.0,48.0,68.0,52.0,99.0,60.0,105.0,89.0,66.0,100.0,61,142,97.0,60.0
SH,No Data,No Data,No Data,No Data,No Data,No Data,1.0,No Data,No Data,No Data,No Data,No Data,No Data,No Data,No Data,No Data,No Data,No Data,No Data,No Data,No Data,No Data,No Data,No Data,No Data,No Data,No Data,No Data,No Data,No Data,No Data,No Data,No Data,No Data,No Data,No Data,No Data,No Data,No Data,No Data,No Data,No Data,No Data,No Data,No Data,No Data,No Data,No Data,2.0,No Data,No Data,1.0,No Data,No Data,No Data,No Data,No Data,No Data,No Data,No Data,No Data,No Data,No Data,No Data,No Data,No Data,No Data,No Data,No Data,No Data,No Data,No Data,No Data,1.0,No Data,No Data,No Data,No Data,No Data,No Data,1.0,No Data,No Data,No Data,No Data,No Data,No Data,No Data,No Data,No Data,No Data,No Data,No Data,No Data,No Data,No Data,No Data,No Data,No Data,No Data,No Data,No Data,No Data,No Data,No Data,2.0,No Data,No Data,No Data,8.0,4,11,11.0,9.0,6.0,4,15.0,No Data,No Data,No Data,7.0,2,6,No Data,12,1.0,17.0,3.0,4.0,12.0,7.0,12.0,3,8,7.0,7,14.0,3.0,2,4.0,9.0,2.0,No Data,1.0,5.0,4.0,2.0,18,2.0,2.0,6.0,2.0,2.0,5,2,15.0,6.0,6.0,3,3.0,1.0,No Data,7.0,1.0,1.0,7.0,6.0,2.0,1.0,3.0,4.0,4.0,2.0,6.0,1.0,1.0,4.0,3.0,5.0,4.0,4.0,11.0,1.0,2.0,4.0,4.0,1,4,13,4.0,1.0,No Data,4.0,4.0,2,6.0,2.0,2.0,No Data,1.0,1.0,No Data,2.0,4.0,2,11,6.0,1,15.0,2,1.0,3,3,5,7.0,7,5.0,3.0,7.0,1.0,4,8.0,27.0,6.0,7,5.0,11.0,8.0,6.0,14.0,13.0,12.0,10,6,3,2.0,3,4.0,No Data,1.0,14.0,7,10,3.0,12.0,7.0,2,No Data,6.0,5,No Data,No Data,No Data,No Data,No Data,No Data,No Data,No Data,No Data,No Data,No Data,3.0,10.0,No Data,4.0,3.0,3,1,1.0,8.0,3,4.0,2.0,5,10.0,6.0,5.0,12.0,11.0,7.0,3.0,2.0,2.0,8.0,3.0,11.0,16,2,4.0,9.0,5.0,10.0,12.0,No Data,No Data,10.0,10.0,14.0,16,18.0,13.0,6,6.0,18.0,8,4.0,8.0,19.0,9,2.0,6.0,3.0,3.0,1.0,3.0,3.0,3.0,2.0,6,3.0,8.0,4,5.0,3.0,5.0,8.0,23.0,5,3.0,6.0,5.0,3.0,4.0,3.0,4.0,3.0,No Data,17.0,14.0,25.0,24.0,3.0,3.0,3.0,2.0,5.0,1.0,4.0,7.0,4,7.0,3.0,2.0,2.0,8.0,3.0,No Data,1.0,6.0,5.0,2.0,1.0,7,6,11.0,5.0
SO,No Data,No Data,2.0,No Data,3.0,No Data,2.0,No Data,No Data,No Data,No Data,No Data,No Data,4.0,No Data,No Data,3.0,No Data,No Data,2.0,No Data,No Data,No Data,1.0,No Data,1.0,4.0,3.0,No Data,2.0,No Data,No Data,1.0,1.0,1.0,No Data,No Data,No Data,No Data,No Data,3.0,No Data,No Data,1.0,No Data,1.0,1.0,No Data,1.0,No Data,No Data,1.0,No Data,No Data,No Data,1.0,1.0,No Data,1.0,No Data,No Data,1.0,3.0,3.0,No Data,1.0,6.0,1.0,No Data,1.0,2.0,3.0,4.0,No Data,No Data,1.0,No Data,1.0,1.0,No Data,No Data,1.0,No Data,No Data,1.0,No Data,No Data,No Data,No Data,No Data,1.0,No Data,No Data,1.0,No Data,1.0,1.0,No Data,No Data,No Data,No Data,No Data,No Data,2.0,No Data,4.0,No Data,No Data,1.0,17.0,19,21,14.0,28.0,23.0,29,36.0,4.0,2.0,No Data,32.0,12,25,21.0,29,23.0,14.0,14.0,12.0,14.0,21.0,21.0,15,12,11.0,22,23.0,13.0,9,17.0,9.0,14.0,7.0,9.0,12.0,16.0,5.0,4,22.0,21.0,19.0,14.0,11.0,19,21,17.0,26.0,17.0,18,23.0,27.0,38.0,22.0,25.0,32.0,30.0,17.0,25.0,28.0,20.0,15.0,57.0,29.0,14.0,23.0,15.0,24.0,20.0,26.0,11.0,19.0,31.0,22.0,22.0,15.0,31.0,34,17,25,23.0,31.0,28.0,35.0,16.0,18,20.0,11.0,19.0,20.0,16.0,24.0,18.0,24.0,6.0,26,5,31.0,25,27.0,28,19.0,20,30,24,11.0,23,20.0,15.0,16.0,14.0,36,25.0,36.0,33.0,19,21.0,28.0,22.0,22.0,24.0,27.0,13.0,27,25,35,No Data,22,11.0,No Data,20.0,23.0,56,28,23.0,22.0,37.0,23,No Data,21.0,34,No Data,No Data,No Data,No Data,No Data,No Data,No Data,No Data,No Data,No Data,No Data,28.0,30.0,9.0,33.0,45.0,32,20,28.0,34.0,28,36.0,34.0,40,22.0,42.0,27.0,32.0,34.0,24.0,18.0,21.0,21.0,30.0,30.0,17.0,44,36,31.0,39.0,33.0,36.0,29.0,No Data,No Data,23.0,29.0,32.0,61,30.0,36.0,38,53.0,21.0,61,58.0,33.0,18.0,12,47.0,56.0,50.0,25.0,58.0,35.0,25.0,70.0,24.0,51,27.0,31.0,29,41.0,39.0,31.0,36.0,43.0,44,21.0,32.0,38.0,62.0,31.0,33.0,26.0,21.0,No Data,15.0,53.0,36.0,39.0,43.0,22.0,19.0,33.0,67.0,36.0,113.0,46.0,20,15.0,32.0,37.0,35.0,33.0,44.0,29.0,39.0,36.0,22.0,13.0,23.0,36,41,25.0,34.0
SZ,No Data,No Data,No Data,No Data,No Data,5.0,2.0,No Data,No Data,No Data,No Data,No Data,No Data,No Data,1.0,No Data,1.0,No Data,No Data,No Data,1.0,1.0,1.0,1.0,1.0,No Data,1.0,3.0,1.0,1.0,No Data,No Data,2.0,1.0,No Data,No Data,1.0,1.0,1.0,No Data,2.0,1.0,No Data,No Data,No Data,No Data,No Data,No Data,No Data,No Data,1.0,No Data,No Data,No Data,No Data,No Data,1.0,No Data,No Data,No Data,No Data,No Data,1.0,No Data,No Data,No Data,1.0,1.0,1.0,4.0,No Data,1.0,2.0,No Data,No Data,No Data,2.0,No Data,No Data,No Data,No Data,No Data,No Data,1.0,1.0,No Data,3.0,2.0,No Data,1.0,2.0,1.0,No Data,No Data,No Data,No Data,No Data,No Data,1.0,2.0,No Data,No Data,No Data,1.0,No Data,1.0,No Data,1.0,No Data,4.0,7,12,10.0,15.0,7.0,20,13.0,1.0,2.0,2.0,8.0,6,1,7.0,4,4.0,4.0,3.0,9.0,7.0,10.0,7.0,14,3,6.0,7,5.0,7.0,5,13.0,32.0,2.0,1.0,5.0,2.0,3.0,5.0,11,7.0,7.0,8.0,13.0,7.0,19,8,5.0,4.0,5.0,12,8.0,10.0,3.0,5.0,1.0,13.0,8.0,13.0,17.0,7.0,6.0,9.0,7.0,8.0,2.0,2.0,19.0,7.0,13.0,8.0,7.0,21.0,17.0,9.0,9.0,9.0,11.0,12,15,18,4.0,12.0,11.0,3.0,6.0,9,7.0,4.0,5.0,4.0,6.0,11.0,7.0,16.0,4.0,15,12,19.0,11,11.0,15,5.0,10,8,13,12.0,12,17.0,4.0,4.0,9.0,13,12.0,13.0,7.0,12,8.0,14.0,20.0,15.0,32.0,25.0,17.0,19,18,11,No Data,10,8.0,No Data,12.0,12.0,15,18,10.0,17.0,8.0,11,No Data,8.0,25,No Data,No Data,1.0,No Data,No Data,No Data,No Data,No Data,No Data,No Data,No Data,4.0,6.0,1.0,5.0,9.0,10,11,9.0,15.0,24,11.0,39.0,12,4.0,4.0,6.0,9.0,10.0,11.0,14.0,4.0,3.0,3.0,7.0,9.0,7,8,20.0,15.0,7.0,5.0,7.0,No Data,No Data,4.0,16.0,11.0,34,13.0,18.0,15,9.0,8.0,11,17.0,8.0,6.0,30,18.0,11.0,4.0,3.0,9.0,11.0,16.0,2.0,8.0,9,7.0,6.0,8,15.0,12.0,9.0,4.0,12.0,3,6.0,14.0,7.0,15.0,15.0,15.0,12.0,16.0,No Data,11.0,16.0,7.0,13.0,8.0,16.0,15.0,10.0,17.0,14.0,2.0,6.0,9,13.0,3.0,14.0,3.0,9.0,11.0,9.0,11.0,11.0,11.0,5.0,15.0,9,14,4.0,9.0
TG,1.0,No Data,No Data,No Data,No Data,2.0,1.0,No Data,3.0,1.0,No Data,No Data,No Data,No Data,No Data,1.0,No Data,No Data,No Data,No Data,1.0,No Data,No Data,No Data,No Data,No Data,No Data,1.0,1.0,No Data,No Data,No Data,No Data,No Data,No Data,1.0,No Data,No Data,No Data,No Data,No Data,No Data,No Data,No Data,2.0,No Data,No Data,2.0,No Data,No Data,No Data,2.0,No Data,2.0,1.0,1.0,No Data,No Data,1.0,No Data,1.0,No Data,No Data,No Data,No Data,No Data,No Data,1.0,No Data,No Data,No Data,No Data,No Data,No Data,No Data,No Data,1.0,No Data,No Data,1.0,No Data,2.0,No Data,No Data,1.0,No Data,No Data,1.0,No Data,1.0,No Data,No Data,No Data,No Data,No Data,No Data,2.0,1.0,No Data,No Data,2.0,4.0,2.0,2.0,1.0,No Data,No Data,3.0,6.0,5.0,16,12,15.0,13.0,17.0,14,17.0,2.0,4.0,1.0,22.0,28,12,9.0,14,13.0,18.0,11.0,7.0,6.0,8.0,10.0,8,7,6.0,6,17.0,10.0,6,7.0,10.0,9.0,7.0,9.0,12.0,12.0,25.0,13,12.0,7.0,13.0,10.0,8.0,21,7,15.0,20.0,19.0,17,13.0,7.0,11.0,7.0,5.0,5.0,1.0,13.0,17.0,4.0,8.0,8.0,5.0,11.0,5.0,11.0,6.0,10.0,7.0,9.0,9.0,12.0,6.0,16.0,12.0,8.0,12.0,13,20,37,14.0,9.0,3.0,4.0,18.0,19,20.0,7.0,7.0,No Data,6.0,6.0,5.0,6.0,10.0,7,6,4.0,16,9.0,6,5.0,6,8,8,7.0,18,14.0,18.0,17.0,18.0,5,25.0,20.0,13.0,16,10.0,15.0,18.0,7.0,24.0,11.0,15.0,17,50,22,No Data,23,26.0,No Data,15.0,11.0,19,18,27.0,20.0,22.0,12,No Data,7.0,14,No Data,No Data,No Data,No Data,No Data,No Data,No Data,No Data,No Data,No Data,No Data,10.0,6.0,6.0,5.0,13.0,16,6,7.0,25.0,29,23.0,20.0,28,43.0,24.0,15.0,24.0,14.0,29.0,28.0,16.0,14.0,11.0,6.0,23.0,15,35,27.0,9.0,13.0,16.0,25.0,No Data,No Data,63.0,13.0,9.0,9,65.0,28.0,30,10.0,6.0,5,79.0,140.0,100.0,13,9.0,17.0,10.0,10.0,10.0,24.0,78.0,109.0,9.0,14,8.0,20.0,32,16.0,6.0,60.0,49.0,38.0,55,37.0,28.0,27.0,55.0,36.0,87.0,39.0,10.0,No Data,24.0,55.0,56.0,23.0,70.0,16.0,103.0,9.0,114.0,50.0,11.0,95.0,24,17.0,94.0,12.0,8.0,8.0,25.0,20.0,45.0,57.0,53.0,34.0,11.0,13,71,5.0,81.0
TI,No Data,1.0,4.0,No Data,No Data,1.0,2.0,1.0,2.0,2.0,2.0,No Data,6.0,No Data,2.0,2.0,5.0,5.0,2.0,5.0,8.0,5.0,4.0,4.0,2.0,4.0,5.0,No Data,No Data,4.0,3.0,4.0,5.0,3.0,7.0,6.0,2.0,1.0,3.0,3.0,No Data,3.0,4.0,1.0,3.0,1.0,4.0,2.0,4.0,2.0,1.0,2.0,No Data,2.0,1.0,3.0,6.0,1.0,7.0,No Data,5.0,4.0,7.0,No Data,2.0,4.0,3.0,2.0,3.0,1.0,2.0,1.0,2.0,2.0,1.0,1.0,2.0,1.0,2.0,No Data,2.0,3.0,4.0,1.0,3.0,3.0,4.0,1.0,2.0,3.0,3.0,1.0,4.0,3.0,1.0,3.0,1.0,5.0,1.0,No Data,1.0,1.0,No Data,No Data,3.0,No Data,3.0,3.0,3.0,56.0,115,115,119.0,126.0,123.0,125,136.0,15.0,6.0,4.0,107.0,77,141,89.0,124,128.0,110.0,124.0,148.0,68.0,84.0,90.0,164,107,89.0,107,106.0,142.0,140,260.0,149.0,136.0,95.0,103.0,98.0,121.0,139.0,117,94.0,112.0,123.0,100.0,118.0,152,98,99.0,111.0,101.0,82,122.0,104.0,122.0,97.0,120.0,131.0,112.0,118.0,128.0,123.0,116.0,119.0,93.0,100.0,115.0,119.0,114.0,115.0,108.0,136.0,108.0,252.0,114.0,126.0,128.0,142.0,125.0,137,140,121,100.0,105.0,112.0,102.0,125.0,112,115.0,135.0,117.0,59.0,81.0,117.0,153.0,125.0,116.0,106,138,160.0,125,140.0,111,120.0,142,160,131,153.0,160,147.0,125.0,118.0,123.0,125,135.0,127.0,133.0,127,100.0,140.0,133.0,90.0,109.0,129.0,234.0,124,207,123,1.0,144,74.0,No Data,59.0,79.0,72,92,94.0,115.0,68.0,73,No Data,64.0,47,No Data,No Data,3.0,No Data,No Data,No Data,No Data,No Data,No Data,No Data,No Data,33.0,57.0,16.0,38.0,75.0,96,52,33.0,60.0,64,57.0,94.0,66,101.0,90.0,62.0,69.0,65.0,97.0,134.0,64.0,64.0,58.0,64.0,57.0,110,79,90.0,87.0,63.0,39.0,50.0,1.0,No Data,94.0,121.0,120.0,119,158.0,217.0,123,105.0,119.0,113,115.0,166.0,118.0,183,129.0,148.0,120.0,113.0,178.0,132.0,155.0,139.0,116.0,123,110.0,103.0,125,160.0,124.0,171.0,143.0,119.0,161,144.0,126.0,129.0,124.0,110.0,93.0,102.0,121.0,1.0,147.0,156.0,146.0,167.0,173.0,198.0,203.0,155.0,166.0,173.0,155.0,209.0,142,133.0,181.0,124.0,120.0,109.0,101.0,109.0,122.0,141.0,177.0,107.0,148.0,112,140,137.0,148.0
UR,No Data,No Data,No Data,No Data,No Data,No Data,No Data,No Data,1.0,No Data,No Data,No Data,No Data,No Data,No Data,No Data,No Data,No Data,No Data,No Data,No Data,No Data,No Data,No Data,No Data,No Data,No Data,2.0,No Data,No Data,No Data,No Data,No Data,No Data,No Data,No Data,No Data,No Data,No Data,No Data,No Data,No Data,No Data,No Data,No Data,1.0,No Data,2.0,No Data,1.0,3.0,No Data,1.0,4.0,No Data,1.0,6.0,1.0,7.0,2.0,4.0,No Data,No Data,No Data,No Data,No Data,No Data,1.0,No Data,No Data,No Data,No Data,No Data,1.0,No Data,No Data,No Data,No Data,No Data,No Data,No Data,No Data,1.0,No Data,No Data,1.0,No Data,No Data,No Data,No Data,No Data,No Data,No Data,No Data,No Data,No Data,No Data,No Data,No Data,No Data,No Data,No Data,No Data,No Data,No Data,No Data,1.0,No Data,No Data,1.0,1,1,No Data,No Data,No Data,1,No Data,No Data,No Data,No Data,No Data,2,2,2.0,4,No Data,No Data,No Data,1.0,1.0,2.0,No Data,3,7,2.0,4,4.0,3.0,1,17.0,1.0,No Data,1.0,1.0,No Data,2.0,4.0,1,6.0,8.0,6.0,4.0,5.0,1,1,1.0,No Data,6.0,1,3.0,1.0,2.0,5.0,4.0,3.0,1.0,5.0,4.0,5.0,1.0,1.0,1.0,2.0,No Data,4.0,7.0,1.0,No Data,4.0,1.0,2.0,4.0,1.0,2.0,2.0,2.0,1,4,1,6.0,4.0,1.0,4.0,3.0,2,No Data,13.0,6.0,4.0,No Data,5.0,2.0,4.0,4.0,4,3,7.0,2,1.0,3,5.0,4,3,9,4.0,6,4.0,8.0,1.0,42.0,9,7.0,5.0,10.0,4,4.0,1.0,1.0,3.0,3.0,8.0,6.0,1,2,5,No Data,4,1.0,No Data,4.0,3.0,3,3,No Data,1.0,3.0,1,No Data,2.0,2,No Data,No Data,No Data,No Data,No Data,No Data,No Data,No Data,No Data,No Data,No Data,17.0,8.0,6.0,7.0,1.0,7,3,3.0,10.0,14,9.0,12.0,7,4.0,4.0,14.0,12.0,8.0,2.0,4.0,4.0,1.0,4.0,6.0,9.0,8,4,1.0,3.0,2.0,2.0,4.0,No Data,No Data,No Data,2.0,7.0,3,3.0,3.0,1,No Data,No Data,2,4.0,1.0,No Data,14,3.0,1.0,2.0,3.0,4.0,2.0,1.0,No Data,2.0,1,1.0,4.0,2,No Data,No Data,3.0,1.0,1.0,1,1.0,No Data,No Data,3.0,1.0,No Data,1.0,1.0,No Data,No Data,No Data,3.0,2.0,3.0,3.0,1.0,No Data,1.0,2.0,No Data,2.0,2,1.0,No Data,No Data,2.0,No Data,No Data,5.0,4.0,5.0,4.0,No Data,3.0,2,4,2.0,3.0
VD,13.0,3.0,14.0,12.0,24.0,14.0,21.0,14.0,1.0,12.0,4.0,15.0,9.0,18.0,7.0,9.0,6.0,30.0,11.0,40.0,9.0,17.0,19.0,15.0,16.0,9.0,12.0,11.0,7.0,15.0,24.0,12.0,15.0,13.0,16.0,16.0,16.0,9.0,9.0,17.0,15.0,9.0,6.0,19.0,15.0,14.0,18.0,21.0,13.0,13.0,13.0,12.0,19.0,24.0,14.0,6.0,5.0,18.0,21.0,8.0,11.0,20.0,19.0,28.0,24.0,17.0,19.0,24.0,23.0,13.0,14.0,20.0,21.0,21.0,17.0,23.0,31.0,23.0,23.0,29.0,17.0,37.0,28.0,28.0,12.0,10.0,18.0,11.0,22.0,12.0,18.0,19.0,26.0,22.0,13.0,11.0,24.0,33.0,6.0,10.0,16.0,17.0,25.0,37.0,8.0,18.0,22.0,50.0,26.0,123.0,231,184,200.0,130.0,208.0,209,160.0,33.0,13.0,32.0,127.0,146,202,148.0,152,157.0,132.0,152.0,148.0,148.0,151.0,118.0,86,140,161.0,146,138.0,136.0,152,118.0,121.0,158.0,146.0,103.0,151.0,141.0,146.0,116,95.0,113.0,140.0,114.0,151.0,129,118,193.0,197.0,160.0,144,149.0,154.0,119.0,144.0,139.0,127.0,163.0,175.0,120.0,134.0,144.0,173.0,163.0,119.0,178.0,214.0,185.0,178.0,171.0,180.0,157.0,154.0,229.0,253.0,224.0,221.0,236.0,236,171,248,190.0,202.0,191.0,194.0,208.0,184,189.0,175.0,204.0,114.0,175.0,187.0,141.0,198.0,157.0,119,151,208.0,161,180.0,123,138.0,191,270,199,178.0,230,228.0,208.0,279.0,304.0,239,262.0,264.0,200.0,368,249.0,237.0,289.0,121.0,243.0,232.0,158.0,150,248,227,6.0,283,112.0,1.0,194.0,249.0,273,333,245.0,310.0,206.0,149,No Data,199.0,185,No Data,1.0,No Data,1.0,2.0,1.0,No Data,No Data,1.0,No Data,No Data,238.0,310.0,112.0,240.0,417.0,378,292,233.0,209.0,193,223.0,288.0,341,275.0,251.0,197.0,196.0,223.0,201.0,242.0,166.0,205.0,185.0,206.0,269.0,258,256,280.0,212.0,297.0,311.0,365.0,No Data,No Data,308.0,379.0,536.0,290,442.0,373.0,405,181.0,259.0,249,241.0,312.0,348.0,358,369.0,382.0,300.0,215.0,341.0,380.0,389.0,259.0,259.0,296,357.0,294.0,301,329.0,355.0,232.0,362.0,218.0,295,324.0,302.0,239.0,221.0,231.0,201.0,346.0,277.0,No Data,264.0,231.0,229.0,233.0,222.0,294.0,292.0,209.0,244.0,362.0,229.0,277.0,165,189.0,209.0,193.0,191.0,187.0,167.0,249.0,207.0,325.0,279.0,179.0,280.0,194,243,293.0,219.0
VS,7.0,4.0,5.0,1.0,6.0,8.0,5.0,4.0,2.0,2.0,6.0,2.0,5.0,4.0,1.0,No Data,1.0,2.0,1.0,3.0,5.0,2.0,No Data,2.0,1.0,1.0,2.0,7.0,4.0,1.0,2.0,3.0,1.0,No Data,2.0,6.0,4.0,7.0,10.0,1.0,5.0,8.0,8.0,4.0,10.0,4.0,2.0,1.0,8.0,3.0,1.0,No Data,3.0,No Data,6.0,8.0,1.0,5.0,No Data,3.0,2.0,3.0,2.0,8.0,No Data,5.0,No Data,2.0,1.0,12.0,1.0,1.0,2.0,2.0,1.0,3.0,2.0,5.0,No Data,7.0,5.0,2.0,2.0,6.0,5.0,No Data,3.0,1.0,4.0,5.0,7.0,2.0,5.0,7.0,2.0,1.0,7.0,11.0,6.0,2.0,6.0,8.0,8.0,7.0,15.0,2.0,3.0,5.0,12.0,56.0,67,97,101.0,68.0,88.0,90,85.0,23.0,9.0,2.0,47.0,53,91,69.0,77,71.0,74.0,73.0,90.0,94.0,75.0,74.0,85,97,75.0,93,77.0,70.0,80,87.0,87.0,82.0,91.0,77.0,72.0,97.0,66.0,79,88.0,98.0,71.0,114.0,64.0,78,78,80.0,72.0,105.0,99,111.0,102.0,93.0,76.0,86.0,106.0,104.0,92.0,87.0,78.0,90.0,88.0,98.0,79.0,96.0,107.0,133.0,128.0,126.0,109.0,108.0,155.0,90.0,121.0,113.0,88.0,95.0,87,135,125,111.0,95.0,111.0,84.0,95.0,137,131.0,113.0,91.0,65.0,117.0,140.0,116.0,96.0,110.0,83,111,102.0,148,190.0,96,87.0,77,93,106,102.0,90,129.0,115.0,102.0,117.0,123,102.0,125.0,111.0,154,109.0,70.0,143.0,68.0,130.0,135.0,142.0,101,113,107,1.0,94,50.0,2.0,91.0,110.0,108,103,134.0,102.0,151.0,89,No Data,57.0,83,No Data,No Data,No Data,No Data,No Data,No Data,No Data,No Data,No Data,No Data,No Data,45.0,85.0,43.0,71.0,88.0,86,79,66.0,60.0,81,79.0,91.0,119,86.0,79.0,93.0,87.0,103.0,110.0,99.0,76.0,87.0,54.0,79.0,90.0,84,81,181.0,113.0,93.0,86.0,78.0,1.0,1.0,87.0,99.0,78.0,125,119.0,99.0,137,96.0,103.0,124,132.0,136.0,124.0,103,80.0,111.0,94.0,60.0,92.0,87.0,76.0,74.0,88.0,90,85.0,95.0,96,122.0,102.0,69.0,75.0,82.0,82,100.0,50.0,66.0,69.0,73.0,77.0,73.0,92.0,2.0,63.0,82.0,80.0,76.0,87.0,110.0,108.0,103.0,99.0,104.0,118.0,90.0,150,115.0,102.0,140.0,124.0,121.0,110.0,160.0,196.0,213.0,151.0,135.0,205.0,187,190,240.0,249.0
ZG,1.0,No Data,No Data,No Data,3.0,1.0,1.0,2.0,3.0,No Data,No Data,4.0,No Data,No Data,2.0,2.0,2.0,2.0,2.0,1.0,1.0,No Data,No Data,1.0,1.0,1.0,1.0,No Data,No Data,1.0,3.0,1.0,2.0,14.0,No Data,1.0,1.0,2.0,1.0,3.0,1.0,No Data,1.0,1.0,No Data,2.0,2.0,1.0,2.0,1.0,1.0,1.0,1.0,1.0,1.0,2.0,No Data,13.0,No Data,No Data,1.0,No Data,1.0,1.0,1.0,4.0,2.0,3.0,5.0,No Data,1.0,1.0,4.0,No Data,5.0,4.0,No Data,3.0,1.0,8.0,3.0,No Data,1.0,1.0,4.0,No Data,2.0,2.0,5.0,5.0,No Data,1.0,5.0,1.0,No Data,1.0,No Data,No Data,1.0,7.0,5.0,4.0,1.0,2.0,1.0,1.0,10.0,No Data,1.0,2.0,3,8,11.0,50.0,15.0,22,27.0,6.0,2.0,9.0,26.0,24,20,16.0,14,27.0,15.0,19.0,12.0,17.0,16.0,21.0,6,21,15.0,14,24.0,10.0,13,24.0,5.0,14.0,26.0,8.0,8.0,14.0,8.0,11,12.0,17.0,21.0,38.0,11.0,16,18,29.0,13.0,16.0,13,16.0,10.0,6.0,17.0,21.0,26.0,37.0,29.0,9.0,16.0,44.0,31.0,31.0,17.0,11.0,12.0,12.0,13.0,26.0,23.0,17.0,11.0,31.0,19.0,24.0,13.0,35.0,36,25,6,12.0,19.0,27.0,49.0,36.0,27,10.0,11.0,33.0,19.0,33.0,21.0,12.0,16.0,3.0,11,11,36.0,20,28.0,5,5.0,19,16,55,27.0,23,12.0,31.0,13.0,67.0,78,172.0,72.0,26.0,13,7.0,23.0,17.0,4.0,7.0,1.0,12.0,12,13,26,1.0,32,7.0,No Data,17.0,9.0,25,36,25.0,22.0,14.0,26,No Data,21.0,56,No Data,No Data,No Data,No Data,No Data,No Data,No Data,No Data,No Data,No Data,No Data,16.0,15.0,17.0,6.0,23.0,22,27,8.0,15.0,12,20.0,10.0,9,17.0,12.0,10.0,18.0,11.0,31.0,37.0,22.0,21.0,11.0,12.0,7.0,8,14,15.0,8.0,15.0,6.0,62.0,No Data,No Data,3.0,28.0,38.0,54,13.0,17.0,12,19.0,14.0,16,17.0,17.0,30.0,25,28.0,56.0,37.0,12.0,30.0,13.0,7.0,27.0,19.0,23,25.0,11.0,16,10.0,22.0,17.0,43.0,22.0,17,17.0,25.0,20.0,17.0,14.0,24.0,46.0,17.0,No Data,40.0,37.0,24.0,16.0,18.0,10.0,20.0,25.0,6.0,10.0,15.0,24.0,14,13.0,9.0,13.0,13.0,12.0,9.0,6.0,3.0,9.0,2.0,6.0,15.0,16,5,16.0,17.0
ZH,21.0,18.0,28.0,21.0,30.0,27.0,16.0,19.0,35.0,43.0,29.0,36.0,43.0,28.0,19.0,35.0,38.0,48.0,32.0,44.0,28.0,17.0,33.0,45.0,35.0,45.0,31.0,37.0,25.0,41.0,37.0,36.0,30.0,45.0,35.0,22.0,30.0,60.0,41.0,46.0,44.0,32.0,42.0,32.0,76.0,60.0,31.0,33.0,26.0,27.0,21.0,33.0,37.0,26.0,39.0,31.0,19.0,39.0,30.0,46.0,47.0,45.0,45.0,37.0,45.0,29.0,41.0,43.0,37.0,29.0,12.0,44.0,45.0,66.0,59.0,55.0,46.0,18.0,34.0,20.0,44.0,32.0,41.0,28.0,28.0,41.0,37.0,29.0,67.0,36.0,27.0,31.0,36.0,47.0,57.0,37.0,22.0,27.0,33.0,24.0,46.0,28.0,32.0,39.0,32.0,30.0,42.0,55.0,54.0,227.0,404,400,392.0,328.0,391.0,405,401.0,85.0,33.0,32.0,263.0,314,333,361.0,408,377.0,345.0,525.0,349.0,321.0,471.0,415.0,332,354,272.0,344,297.0,352.0,330,331.0,446.0,330.0,292.0,282.0,250.0,277.0,353.0,218,246.0,328.0,279.0,356.0,506.0,417,492,407.0,342.0,359.0,478,441.0,492.0,286.0,379.0,321.0,329.0,346.0,420.0,317.0,321.0,307.0,383.0,310.0,261.0,401.0,326.0,267.0,271.0,359.0,370.0,423.0,345.0,323.0,268.0,353.0,275.0,315.0,287,340,278,369.0,359.0,309.0,340.0,402.0,382,352.0,416.0,334.0,194.0,330.0,351.0,425.0,358.0,366.0,361,312,324.0,317,483.0,266,226.0,275,397,367,426.0,458,375.0,447.0,445.0,465.0,447,472.0,469.0,479.0,418,469.0,550.0,598.0,406.0,503.0,644.0,385.0,471,335,335,3.0,476,239.0,9.0,403.0,560.0,442,434,463.0,406.0,479.0,361,2.0,286.0,422,1.0,No Data,2.0,2.0,4.0,1.0,1.0,1.0,No Data,2.0,1.0,248.0,342.0,118.0,365.0,389.0,343,401,318.0,435.0,419,399.0,374.0,295,369.0,348.0,331.0,352.0,336.0,363.0,342.0,348.0,445.0,356.0,354.0,433.0,349,362,339.0,378.0,316.0,388.0,418.0,2.0,1.0,421.0,488.0,451.0,420,472.0,496.0,431,284.0,413.0,366,426.0,455.0,433.0,452,369.0,362.0,399.0,340.0,408.0,429.0,417.0,477.0,490.0,383,376.0,388.0,457,373.0,357.0,303.0,324.0,360.0,431,371.0,311.0,357.0,356.0,412.0,409.0,363.0,407.0,3.0,297.0,380.0,438.0,436.0,507.0,455.0,339.0,379.0,407.0,367.0,392.0,314.0,324,336.0,295.0,296.0,336.0,316.0,454.0,421.0,403.0,314.0,291.0,381.0,402.0,307,306,354.0,426.0
