canton,2012_1_polarity,2012_2_polarity,2012_3_polarity,2012_4_polarity,2012_5_polarity,2012_6_polarity,2012_7_polarity,2012_8_polarity,2012_9_polarity,2012_10_polarity,2012_11_polarity,2012_12_polarity,2012_13_polarity,2012_14_polarity,2012_15_polarity,2012_16_polarity,2012_17_polarity,2012_18_polarity,2012_19_polarity,2012_20_polarity,2012_21_polarity,2012_22_polarity,2012_23_polarity,2012_24_polarity,2012_25_polarity,2012_26_polarity,2012_27_polarity,2012_28_polarity,2012_29_polarity,2012_30_polarity,2012_31_polarity,2012_32_polarity,2012_33_polarity,2012_34_polarity,2012_35_polarity,2012_36_polarity,2012_37_polarity,2012_38_polarity,2012_39_polarity,2012_40_polarity,2012_41_polarity,2012_42_polarity,2012_43_polarity,2012_44_polarity,2012_45_polarity,2012_46_polarity,2012_47_polarity,2012_48_polarity,2012_49_polarity,2012_50_polarity,2012_51_polarity,2012_52_polarity,2013_1_polarity,2013_2_polarity,2013_3_polarity,2013_4_polarity,2013_5_polarity,2013_6_polarity,2013_7_polarity,2013_8_polarity,2013_9_polarity,2013_10_polarity,2013_11_polarity,2013_12_polarity,2013_13_polarity,2013_14_polarity,2013_15_polarity,2013_16_polarity,2013_17_polarity,2013_18_polarity,2013_19_polarity,2013_20_polarity,2013_21_polarity,2013_22_polarity,2013_23_polarity,2013_24_polarity,2013_25_polarity,2013_26_polarity,2013_27_polarity,2013_28_polarity,2013_29_polarity,2013_30_polarity,2013_31_polarity,2013_32_polarity,2013_33_polarity,2013_34_polarity,2013_35_polarity,2013_36_polarity,2013_37_polarity,2013_38_polarity,2013_39_polarity,2013_40_polarity,2013_41_polarity,2013_42_polarity,2013_43_polarity,2013_44_polarity,2013_45_polarity,2013_46_polarity,2013_47_polarity,2013_48_polarity,2013_49_polarity,2013_50_polarity,2013_51_polarity,2013_52_polarity,2014_1_polarity,2014_2_polarity,2014_3_polarity,2014_4_polarity,2014_5_polarity,2014_6_polarity,2014_7_polarity,2014_8_polarity,2014_9_polarity,2014_10_polarity,2014_11_polarity,2014_12_polarity,2014_13_polarity,2014_14_polarity,2014_15_polarity,2014_16_polarity,2014_17_polarity,2014_18_polarity,2014_19_polarity,2014_20_polarity,2014_21_polarity,2014_22_polarity,2014_23_polarity,2014_24_polarity,2014_25_polarity,2014_26_polarity,2014_27_polarity,2014_28_polarity,2014_29_polarity,2014_30_polarity,2014_31_polarity,2014_32_polarity,2014_33_polarity,2014_34_polarity,2014_35_polarity,2014_36_polarity,2014_37_polarity,2014_38_polarity,2014_39_polarity,2014_40_polarity,2014_41_polarity,2014_42_polarity,2014_43_polarity,2014_44_polarity,2014_45_polarity,2014_46_polarity,2014_47_polarity,2014_48_polarity,2014_49_polarity,2014_50_polarity,2014_51_polarity,2014_52_polarity,2015_1_polarity,2015_2_polarity,2015_3_polarity,2015_4_polarity,2015_5_polarity,2015_6_polarity,2015_7_polarity,2015_8_polarity,2015_9_polarity,2015_10_polarity,2015_11_polarity,2015_12_polarity,2015_13_polarity,2015_14_polarity,2015_15_polarity,2015_16_polarity,2015_17_polarity,2015_18_polarity,2015_19_polarity,2015_20_polarity,2015_21_polarity,2015_22_polarity,2015_23_polarity,2015_24_polarity,2015_25_polarity,2015_26_polarity,2015_27_polarity,2015_28_polarity,2015_29_polarity,2015_30_polarity,2015_31_polarity,2015_32_polarity,2015_33_polarity,2015_34_polarity,2015_35_polarity,2015_36_polarity,2015_37_polarity,2015_38_polarity,2015_39_polarity,2015_40_polarity,2015_41_polarity,2015_42_polarity,2015_43_polarity,2015_44_polarity,2015_45_polarity,2015_46_polarity,2015_47_polarity,2015_48_polarity,2015_49_polarity,2015_50_polarity,2015_51_polarity,2015_52_polarity,2016_1_polarity,2016_2_polarity,2016_3_polarity,2016_4_polarity,2016_5_polarity,2016_6_polarity,2016_7_polarity,2016_8_polarity,2016_9_polarity,2016_10_polarity,2016_11_polarity,2016_12_polarity,2016_13_polarity,2016_14_polarity,2016_15_polarity,2016_16_polarity,2016_17_polarity,2016_18_polarity,2016_19_polarity,2016_20_polarity,2016_21_polarity,2016_22_polarity,2016_23_polarity,2016_24_polarity,2016_25_polarity,2016_26_polarity,2016_27_polarity,2016_28_polarity,2016_29_polarity,2016_30_polarity,2016_31_polarity,2016_32_polarity,2016_33_polarity,2016_34_polarity,2016_35_polarity,2016_36_polarity,2016_37_polarity,2016_38_polarity,2016_39_polarity,2016_40_polarity,2016_41_polarity,2016_42_polarity,2016_43_polarity,2016_44_polarity,2016_45_polarity,2016_46_polarity,2016_47_polarity,2016_48_polarity,2016_49_polarity,2016_50_polarity,2016_51_polarity,2016_52_polarity
AG,6.0,16.0,6.0,5.0,9.0,10.0,7.0,8.0,8.0,6.0,9.0,15.0,8.0,6.0,8.0,102,4.0,64.0,114,65.0,56,103,128,92.0,126.0,82.0,78,82,84.0,78,391,67,122.0,39.0,132,1.0,6.0,92,75,111,93,No Data,135,119,96.0,122,197.0,79.0,115.0,85,99.0,84,101.0,114,107.0,113,81,172,104,145,147,86.0,99.0,107.0,91,114,124.0,171,151,116,115,218.0,466,132,355,291.0,188.0,No Data,No Data,No Data,No Data,No Data,No Data,No Data,No Data,No Data,No Data,No Data,No Data,159,130,72,87,86,181.0,112.0,168,175.0,289,180,1394,284.0,215.0,188,280,195.0,280,259.0,302,293,243,255.0,285,315.0,205.0,297,262.0,301.0,208.0,189,222,173,220.0,198.0,171,242.0,215,201,151,119,453,270,126,137.0,222.0,191,235,144,149.0,213,150,232,183,124.0,No Data,No Data,No Data,330,102,116.0,92.0,57.0,47.0,No Data,140,81,75,134,91.0,99,No Data,1.0,76,111.0,111.0,110,No Data,No Data,No Data,No Data,No Data,No Data,92,89,162.0,101,156,169.0,137,185,158,144.0,129,171,105,145.0,137,86,112,75.0,161,133.0,291,427,No Data,No Data,No Data,No Data,648,613,151.0,187.0,374,186.0,149,163.0,150,96,134,162,157,115.0,299.0,184.0,205.0,221,139.0,198.0,195,171.0,147,122,200,182,169,161,200,310,487,206,191.0,156,114,165,159,147,132.0,146,127,229,No Data,No Data,No Data,110.0,No Data,No Data,No Data,No Data,No Data,No Data,No Data,No Data,No Data,No Data,No Data,No Data,No Data,No Data,No Data,No Data
AI,No Data,No Data,No Data,No Data,No Data,No Data,No Data,No Data,No Data,No Data,No Data,No Data,No Data,No Data,No Data,1,No Data,32.0,16,6.0,23,14,1,No Data,3.0,No Data,5,2,No Data,1,3,2,2.0,1.0,1,No Data,No Data,2,1,1,2,No Data,2,3,No Data,1,No Data,No Data,No Data,3,No Data,1,No Data,2,No Data,1,1,4,1,1,2,2.0,No Data,No Data,7,1,No Data,1,10,2,2,No Data,1,1,2,No Data,No Data,No Data,No Data,No Data,No Data,No Data,No Data,No Data,No Data,No Data,No Data,No Data,No Data,2,2,9,1,3,No Data,No Data,1,2.0,3,2,2,No Data,No Data,1,1,No Data,1,No Data,1,2,2,No Data,4,2.0,No Data,6,2.0,No Data,No Data,8,5,12,30.0,3.0,2,1.0,5,7,3,1,3,2,1,No Data,No Data,1,4,2,1.0,9,7,4,2,2.0,No Data,No Data,No Data,2,2,1.0,No Data,No Data,No Data,No Data,2,1,1,2,No Data,1,No Data,No Data,3,No Data,No Data,1,No Data,No Data,No Data,No Data,No Data,No Data,4,1,No Data,8,3,3.0,6,3,5,No Data,2,1,5,No Data,1,7,2,No Data,11,No Data,5,5,No Data,No Data,No Data,No Data,2,2,1.0,No Data,3,No Data,8,No Data,5,5,1,4,1,No Data,1.0,No Data,No Data,1,No Data,4.0,5,No Data,5,2,1,4,2,5,2,14,2,3,No Data,1,10,11,4,11,1.0,2,3,14,No Data,No Data,No Data,2.0,No Data,No Data,No Data,No Data,No Data,No Data,No Data,No Data,No Data,No Data,No Data,No Data,No Data,No Data,No Data,No Data
AR,No Data,No Data,No Data,No Data,No Data,No Data,No Data,No Data,2.0,No Data,No Data,No Data,5.0,2.0,3.0,4,5.0,5.0,3,No Data,1,10,5,No Data,No Data,2.0,2,4,No Data,2,4,6,No Data,2.0,1,No Data,No Data,1,1,1,3,No Data,11,17,2.0,14,2.0,2.0,8.0,10,3.0,3,4.0,4,5.0,3,1,2,5,2,3,No Data,1.0,4.0,1,7,5.0,6,1,8,2,5.0,20,2,7,16.0,1.0,No Data,No Data,No Data,No Data,No Data,No Data,No Data,No Data,No Data,No Data,No Data,No Data,3,1,4,4,1,4.0,1.0,55,1.0,2,7,3,2.0,7.0,51,46,49.0,1,8.0,5,12,1,3.0,1,No Data,1.0,1,No Data,9.0,3.0,3,6,1,No Data,No Data,6,No Data,3,5,2,26,4,4,6,3.0,1.0,3,1,1,No Data,16,3,1,7,No Data,No Data,No Data,No Data,1,1,No Data,1.0,1.0,2.0,No Data,9,4,4,1,9.0,7,No Data,6.0,4,3.0,3.0,2,No Data,No Data,No Data,No Data,No Data,No Data,6,7,3.0,1,24,No Data,10,10,8,6.0,3,1,1,2.0,7,3,4,13.0,2,3.0,1,8,No Data,No Data,No Data,No Data,4,3,8.0,9.0,2,22.0,2,7.0,8,12,13,8,2,9.0,7.0,7.0,11.0,18,10.0,18.0,10,3.0,7,13,5,13,8,7,11,15,6,10,9.0,4,3,11,17,4,1.0,1,2,7,No Data,No Data,No Data,No Data,No Data,No Data,No Data,No Data,No Data,No Data,No Data,No Data,No Data,No Data,No Data,No Data,No Data,No Data,No Data,No Data
BE,18.0,22.0,30.0,12.0,20.0,22.0,23.0,10.0,26.0,23.0,14.0,21.0,27.0,11.0,18.0,277,42.0,204.0,215,385.0,255,224,225,266.0,257.0,305.0,309,436,200.0,232,261,268,265.0,83.0,249,1.0,1.0,498,277,243,235,No Data,220,219,228.0,239,277.0,118.0,231.0,195,312.0,362,315.0,269,276.0,246,332,294,376,185,213,221.0,179.0,254.0,192,225,212.0,165,243,295,245,244.0,284,243,355,428.0,316.0,No Data,No Data,No Data,No Data,No Data,No Data,No Data,No Data,No Data,No Data,No Data,No Data,283,176,196,237,245,219.0,204.0,212,212.0,307,324,665,424.0,262.0,321,286,282.0,297,298.0,310,322,382,276.0,318,308.0,249.0,342,383.0,322.0,396.0,335,368,352,346.0,405.0,337,268.0,315,459,428,316,451,403,353,347.0,358.0,438,537,759,330.0,433,639,343,499,655.0,No Data,No Data,No Data,244,287,368.0,343.0,355.0,388.0,No Data,279,310,277,478,449.0,416,No Data,40.0,418,443.0,455.0,301,No Data,No Data,No Data,No Data,No Data,No Data,486,581,371.0,458,496,848.0,415,371,359,335.0,397,303,469,564.0,537,398,532,393.0,464,405.0,372,319,No Data,No Data,No Data,No Data,305,303,482.0,378.0,373,359.0,389,325.0,403,429,350,484,416,486.0,467.0,357.0,385.0,388,363.0,352.0,421,334.0,331,446,600,363,350,295,446,485,412,448,384.0,348,365,408,559,542,468.0,517,611,598,No Data,No Data,No Data,590.0,No Data,No Data,No Data,No Data,No Data,No Data,No Data,No Data,No Data,No Data,No Data,No Data,No Data,No Data,No Data,No Data
BL,No Data,2.0,No Data,No Data,1.0,No Data,1.0,No Data,3.0,No Data,1.0,1.0,1.0,1.0,No Data,73,2.0,47.0,173,43.0,55,47,243,70.0,60.0,46.0,52,40,42.0,34,34,144,155.0,25.0,158,No Data,No Data,51,60,67,132,No Data,84,105,110.0,57,50.0,27.0,101.0,180,78.0,104,104.0,77,88.0,41,126,89,64,71,68,63.0,63.0,56.0,57,51,117.0,52,53,52,43,111.0,102,93,85,97.0,78.0,No Data,No Data,No Data,No Data,No Data,No Data,No Data,No Data,No Data,No Data,No Data,No Data,27,54,71,48,57,108.0,139.0,84,29.0,75,84,1269,73.0,80.0,88,77,92.0,69,91.0,51,65,117,101.0,77,70.0,60.0,93,48.0,86.0,31.0,26,44,33,41.0,55.0,42,75.0,46,86,102,74,47,147,68,74.0,67.0,61,76,90,85.0,60,96,33,49,56.0,No Data,No Data,No Data,62,59,41.0,50.0,33.0,64.0,No Data,52,84,25,38,36.0,38,No Data,9.0,28,37.0,50.0,40,No Data,No Data,No Data,No Data,No Data,No Data,96,45,36.0,39,55,29.0,69,53,43,32.0,40,52,57,30.0,60,69,103,98.0,116,52.0,112,64,No Data,No Data,No Data,No Data,49,106,57.0,50.0,48,61.0,57,57.0,56,58,36,37,62,41.0,53.0,69.0,45.0,69,46.0,71.0,44,37.0,57,90,38,41,73,33,51,49,56,39,78.0,91,76,45,59,52,54.0,57,78,77,No Data,No Data,No Data,58.0,No Data,No Data,No Data,No Data,No Data,No Data,No Data,No Data,No Data,No Data,No Data,No Data,No Data,No Data,No Data,No Data
BS,4.0,7.0,3.0,6.0,8.0,5.0,7.0,1.0,3.0,13.0,3.0,4.0,3.0,8.0,15.0,86,5.0,90.0,111,73.0,114,207,122,180.0,114.0,91.0,54,65,74.0,49,93,97,132.0,23.0,150,No Data,No Data,197,121,131,105,No Data,133,118,122.0,116,69.0,92.0,110.0,107,103.0,68,106.0,95,92.0,107,125,101,93,192,115,66.0,132.0,113.0,51,134,132.0,126,274,106,64,157.0,82,144,75,234.0,209.0,No Data,No Data,No Data,No Data,No Data,No Data,No Data,No Data,No Data,No Data,No Data,No Data,149,63,90,92,83,99.0,81.0,101,118.0,137,155,166,108.0,103.0,84,77,84.0,89,183.0,127,108,151,99.0,124,156.0,136.0,157,451.0,244.0,139.0,95,143,157,75.0,94.0,70,61.0,54,153,255,103,71,113,94,231.0,57.0,76,180,122,71.0,406,78,106,108,287.0,No Data,No Data,No Data,314,78,47.0,81.0,90.0,93.0,No Data,36,63,59,61,70.0,78,No Data,6.0,61,83.0,82.0,75,No Data,No Data,No Data,No Data,No Data,No Data,134,84,104.0,214,160,83.0,103,127,266,70.0,74,49,79,117.0,73,83,115,100.0,118,115.0,136,106,No Data,No Data,No Data,No Data,196,160,149.0,108.0,82,106.0,132,101.0,99,57,67,54,85,127.0,107.0,64.0,96.0,87,131.0,157.0,729,124.0,146,147,141,86,105,149,126,127,94,121,187.0,543,122,111,139,80,106.0,100,71,129,No Data,No Data,No Data,97.0,No Data,No Data,No Data,No Data,No Data,No Data,No Data,No Data,No Data,No Data,No Data,No Data,No Data,No Data,No Data,No Data
FR,2.0,1.0,1.0,7.0,5.0,8.0,1.0,3.0,No Data,4.0,2.0,6.0,No Data,4.0,2.0,332,8.0,112.0,159,200.0,116,139,107,110.0,142.0,121.0,128,92,125.0,136,405,166,225.0,28.0,97,No Data,No Data,135,135,146,163,No Data,228,155,173.0,141,113.0,54.0,231.0,146,144.0,155,244.0,220,194.0,325,256,201,178,149,168,175.0,280.0,193.0,236,167,192.0,200,217,331,250,167.0,129,191,75,140.0,170.0,No Data,No Data,No Data,No Data,No Data,No Data,No Data,No Data,No Data,No Data,No Data,No Data,73,77,77,87,71,123.0,102.0,131,93.0,167,191,1635,131.0,122.0,114,122,147.0,116,109.0,83,85,115,80.0,139,98.0,194.0,107,135.0,89.0,123.0,89,127,158,101.0,73.0,89,89.0,91,109,85,73,85,122,144,160.0,137.0,241,81,112,126.0,124,83,52,89,52.0,No Data,No Data,No Data,77,90,49.0,76.0,72.0,85.0,No Data,54,59,41,53,57.0,42,No Data,18.0,49,47.0,27.0,24,No Data,No Data,No Data,No Data,No Data,No Data,80,77,83.0,66,116,88.0,82,99,58,69.0,62,43,49,47.0,85,79,49,139.0,146,163.0,117,45,No Data,No Data,No Data,No Data,115,58,155.0,92.0,192,53.0,121,137.0,79,32,28,55,77,77.0,49.0,90.0,71.0,125,57.0,185.0,137,52.0,65,132,102,107,80,118,102,72,95,100,90.0,45,81,101,53,64,51.0,74,61,319,No Data,No Data,No Data,96.0,No Data,No Data,No Data,No Data,No Data,No Data,No Data,No Data,No Data,No Data,No Data,No Data,No Data,No Data,No Data,No Data
GE,52.0,37.0,36.0,33.0,37.0,28.0,56.0,55.0,45.0,49.0,49.0,33.0,38.0,23.0,49.0,528,27.0,463.0,579,332.0,605,577,582,565.0,485.0,512.0,525,388,334.0,344,609,544,441.0,114.0,409,3.0,2.0,422,554,564,587,1.0,752,700,787.0,569,686.0,249.0,687.0,669,642.0,683,961.0,882,1084.0,1069,922,737,967,714,936,1048.0,1033.0,1051.0,611,994,912.0,919,991,896,889,878.0,1013,918,872,959.0,963.0,No Data,No Data,No Data,No Data,No Data,No Data,No Data,No Data,No Data,No Data,No Data,No Data,702,1075,800,728,745,664.0,748.0,936,708.0,1008,965,2164,940.0,662.0,858,772,894.0,919,915.0,828,848,750,945.0,1003,1011.0,925.0,859,604.0,790.0,739.0,727,651,728,800.0,804.0,1001,719.0,779,931,785,820,792,852,760,857.0,848.0,822,856,1127,1080.0,864,898,579,587,1026.0,No Data,No Data,No Data,569,708,585.0,525.0,472.0,710.0,No Data,577,558,610,717,701.0,670,No Data,47.0,549,541.0,691.0,732,No Data,No Data,No Data,No Data,No Data,No Data,657,674,635.0,653,538,563.0,542,697,549,869.0,645,717,737,609.0,737,794,868,674.0,608,559.0,664,769,No Data,No Data,No Data,No Data,839,594,668.0,720.0,925,596.0,957,631.0,602,608,652,662,688,515.0,486.0,567.0,525.0,639,779.0,851.0,622,501.0,539,670,724,561,798,977,861,993,960,880,837.0,887,939,681,639,706,609.0,525,697,732,No Data,No Data,No Data,548.0,No Data,No Data,No Data,No Data,No Data,No Data,No Data,No Data,No Data,No Data,No Data,No Data,No Data,No Data,No Data,No Data
GL,No Data,2.0,No Data,No Data,No Data,No Data,No Data,No Data,No Data,No Data,No Data,No Data,No Data,No Data,1.0,7,2.0,3.0,11,7.0,14,14,2,8.0,16.0,8.0,6,7,5.0,4,10,4,10.0,No Data,10,No Data,No Data,2,8,8,6,No Data,7,6,14.0,8,10.0,4.0,38.0,10,17.0,7,9.0,7,8.0,7,102,21,24,6,7,1.0,3.0,15.0,20,11,5.0,24,1,5,18,8.0,15,8,4,1.0,12.0,No Data,No Data,No Data,No Data,No Data,No Data,No Data,No Data,No Data,No Data,No Data,No Data,5,9,5,10,6,5.0,6.0,5,No Data,2,15,1241,21.0,8.0,37,21,9.0,9,8.0,2,1,5,2.0,1,9.0,14.0,10,5.0,3.0,6.0,18,8,12,12.0,4.0,13,7.0,27,4,2,7,10,2,13,2.0,4.0,6,10,12,13.0,2,25,22,22,27.0,No Data,No Data,No Data,40,30,213.0,418.0,15.0,414.0,No Data,16,22,23,11,5.0,3,No Data,2.0,16,19.0,17.0,28,No Data,No Data,No Data,No Data,No Data,No Data,25,25,17.0,13,27,23.0,9,10,17,14.0,12,3,3,4.0,11,16,17,20.0,22,8.0,14,12,No Data,No Data,No Data,No Data,8,5,No Data,6.0,3,2.0,9,2.0,6,5,2,4,6,2.0,No Data,4.0,No Data,2,2.0,No Data,9,6.0,6,1,3,2,2,4,2,5,2,5,No Data,2,3,2,5,7,No Data,5,4,3,No Data,No Data,No Data,7.0,No Data,No Data,No Data,No Data,No Data,No Data,No Data,No Data,No Data,No Data,No Data,No Data,No Data,No Data,No Data,No Data
GR,2.0,14.0,21.0,58.0,29.0,6.0,12.0,14.0,22.0,14.0,8.0,6.0,2.0,2.0,No Data,9,3.0,26.0,45,64.0,38,54,58,49.0,98.0,102.0,82,117,75.0,98,140,82,151.0,16.0,73,No Data,No Data,79,38,67,52,No Data,45,37,41.0,40,56.0,30.0,70.0,85,123.0,186,128.0,96,141.0,390,153,124,187,128,96,102.0,82.0,101.0,149,65,75.0,38,52,38,30,38.0,64,67,53,58.0,46.0,No Data,No Data,No Data,No Data,No Data,No Data,No Data,No Data,No Data,No Data,No Data,No Data,20,34,41,22,41,42.0,23.0,26,27.0,53,109,2919,89.0,93.0,254,120,163.0,204,348.0,127,120,126,120.0,99,111.0,106.0,91,72.0,52.0,40.0,32,17,33,34.0,46.0,44,25.0,82,71,43,51,42,105,65,67.0,87.0,98,83,92,90.0,60,48,94,48,40.0,No Data,No Data,No Data,30,20,62.0,35.0,39.0,81.0,No Data,157,251,245,214,167.0,406,No Data,27.0,270,210.0,190.0,247,No Data,No Data,No Data,No Data,No Data,No Data,10,11,20.0,17,27,33.0,40,60,44,357.0,103,58,86,86.0,112,105,76,127.0,101,92.0,72,66,No Data,No Data,No Data,No Data,49,42,63.0,47.0,51,43.0,108,81.0,86,234,135,213,398,182.0,217.0,167.0,115.0,115,153.0,166.0,234,159.0,128,74,26,42,33,35,37,70,152,46,70.0,123,38,115,388,167,129.0,147,146,121,No Data,No Data,No Data,62.0,No Data,No Data,No Data,No Data,No Data,No Data,No Data,No Data,No Data,No Data,No Data,No Data,No Data,No Data,No Data,No Data
JU,No Data,No Data,No Data,No Data,No Data,No Data,2.0,No Data,No Data,No Data,No Data,No Data,No Data,No Data,No Data,93,No Data,77.0,94,87.0,70,93,84,84.0,66.0,93.0,99,190,197.0,83,79,76,95.0,29.0,94,No Data,No Data,77,78,69,86,No Data,76,75,86.0,89,59.0,43.0,65.0,64,67.0,55,63.0,61,63.0,70,67,57,73,73,82,67.0,70.0,73.0,62,65,65.0,46,69,48,7,11.0,6,5,7,10.0,7.0,No Data,No Data,No Data,No Data,No Data,No Data,No Data,No Data,No Data,No Data,No Data,No Data,6,7,7,4,16,8.0,14.0,18,6.0,18,8,809,11.0,3.0,4,9,3.0,15,11.0,7,7,9,10.0,13,1.0,14.0,18,8.0,6.0,10.0,5,8,7,19.0,8.0,1,8.0,13,18,17,15,11,6,10,12.0,23.0,6,19,20,16.0,35,7,8,6,10.0,No Data,No Data,No Data,13,7,8.0,11.0,2.0,25.0,No Data,22,25,20,21,15.0,30,No Data,3.0,15,6.0,22.0,19,No Data,No Data,No Data,No Data,No Data,No Data,1,17,11.0,4,12,9.0,5,7,4,10.0,11,11,4,6.0,152,7,9,8.0,14,6.0,11,25,No Data,No Data,No Data,No Data,12,5,10.0,2.0,19,18.0,21,14.0,3,27,8,15,12,6.0,7.0,7.0,15.0,18,22.0,18.0,5,5.0,26,7,7,24,8,15,20,12,13,15,36.0,14,33,19,18,5,3.0,5,10,15,No Data,No Data,No Data,9.0,No Data,No Data,No Data,No Data,No Data,No Data,No Data,No Data,No Data,No Data,No Data,No Data,No Data,No Data,No Data,No Data
LU,4.0,3.0,8.0,6.0,4.0,18.0,3.0,2.0,1.0,4.0,7.0,1.0,3.0,1.0,11.0,95,16.0,89.0,72,92.0,73,73,92,125.0,150.0,90.0,95,101,78.0,117,104,93,172.0,30.0,83,No Data,1.0,125,86,122,105,No Data,140,123,170.0,102,95.0,35.0,66.0,65,145.0,109,91.0,123,115.0,166,145,70,136,113,88,69.0,119.0,81.0,60,68,123.0,129,188,169,128,198.0,188,201,140,196.0,148.0,No Data,No Data,No Data,No Data,No Data,No Data,No Data,No Data,No Data,No Data,No Data,No Data,177,97,91,120,129,197.0,84.0,83,71.0,264,127,1402,121.0,114.0,187,105,105.0,96,104.0,142,98,127,147.0,104,128.0,151.0,107,121.0,127.0,411.0,165,124,110,127.0,152.0,150,101.0,100,98,185,136,142,256,259,127.0,163.0,167,239,185,173.0,127,157,344,71,57.0,No Data,No Data,No Data,96,294,151.0,251.0,140.0,91.0,No Data,119,472,130,80,94.0,78,No Data,9.0,219,201.0,101.0,171,No Data,No Data,No Data,No Data,No Data,No Data,115,125,123.0,112,94,164.0,147,146,140,133.0,124,139,119,162.0,449,190,208,172.0,240,132.0,154,124,No Data,No Data,No Data,No Data,106,116,141.0,137.0,147,94.0,184,116.0,226,130,88,80,111,140.0,94.0,101.0,113.0,105,1596.0,94.0,154,119.0,166,162,177,375,125,130,132,130,282,210,161.0,125,153,152,159,176,142.0,149,150,160,No Data,No Data,No Data,232.0,No Data,No Data,No Data,No Data,No Data,No Data,No Data,No Data,No Data,No Data,No Data,No Data,No Data,No Data,No Data,No Data
NE,9.0,1.0,1.0,9.0,4.0,36.0,12.0,2.0,4.0,9.0,2.0,2.0,12.0,15.0,11.0,64,7.0,74.0,62,57.0,67,76,97,131.0,119.0,70.0,74,55,71.0,60,60,56,75.0,24.0,74,No Data,No Data,68,66,71,80,No Data,102,92,127.0,125,83.0,50.0,120.0,124,146.0,125,132.0,152,128.0,134,163,143,127,140,172,169.0,165.0,179.0,118,159,123.0,140,170,121,123,91.0,198,145,119,149.0,144.0,No Data,No Data,No Data,No Data,No Data,No Data,No Data,No Data,No Data,No Data,No Data,No Data,77,68,94,115,84,153.0,100.0,132,100.0,157,122,510,123.0,211.0,114,152,142.0,226,184.0,104,119,128,106.0,170,114.0,152.0,87,87.0,68.0,81.0,63,91,95,138.0,212.0,107,163.0,59,124,84,101,118,91,134,42.0,47.0,128,422,159,104.0,243,255,130,101,62.0,No Data,No Data,No Data,72,57,100.0,74.0,108.0,50.0,No Data,44,31,105,51,79.0,49,No Data,9.0,94,56.0,67.0,88,No Data,No Data,No Data,No Data,No Data,No Data,53,59,34.0,45,70,49.0,41,81,53,28.0,46,39,40,30.0,42,55,62,65.0,128,37.0,77,51,No Data,No Data,No Data,No Data,57,45,47.0,37.0,32,19.0,24,27.0,28,29,55,26,39,48.0,76.0,49.0,50.0,28,29.0,27.0,43,39.0,56,53,41,49,40,33,54,54,36,43,54.0,43,55,66,72,52,61.0,37,53,61,No Data,No Data,No Data,62.0,No Data,No Data,No Data,No Data,No Data,No Data,No Data,No Data,No Data,No Data,No Data,No Data,No Data,No Data,No Data,No Data
NW,No Data,No Data,2.0,No Data,1.0,1.0,No Data,No Data,1.0,No Data,No Data,No Data,No Data,No Data,No Data,4,No Data,9.0,24,7.0,4,13,3,1.0,4.0,4.0,4,4,2.0,2,10,2,18.0,3.0,13,No Data,No Data,4,16,6,54,No Data,14,20,13.0,9,10.0,70.0,80.0,7,11.0,14,10.0,9,29.0,12,16,32,40,31,30,13.0,18.0,5.0,21,20,42.0,22,30,16,29,31.0,19,34,30,45.0,36.0,No Data,No Data,No Data,No Data,No Data,No Data,No Data,No Data,No Data,No Data,No Data,No Data,18,15,14,10,15,9.0,8.0,6,2.0,15,10,1300,7.0,10.0,15,6,36.0,14,10.0,2,5,4,6.0,8,5.0,3.0,15,4.0,5.0,30.0,24,11,7,34.0,2.0,5,10.0,14,17,18,40,21,36,33,16.0,9.0,21,7,30,13.0,12,17,10,38,13.0,No Data,No Data,No Data,52,36,29.0,15.0,5.0,26.0,No Data,7,31,14,2,1.0,21,No Data,4.0,8,7.0,1.0,5,No Data,No Data,No Data,No Data,No Data,No Data,15,5,8.0,10,4,5.0,16,7,13,13.0,35,17,11,19.0,17,7,18,31.0,22,17.0,9,15,No Data,No Data,No Data,No Data,30,15,24.0,9.0,12,11.0,5,3.0,11,17,6,12,9,3.0,8.0,3.0,3.0,14,12.0,9.0,9,19.0,3,14,10,6,7,9,14,35,6,16,19.0,16,41,9,26,18,8.0,16,9,11,No Data,No Data,No Data,13.0,No Data,No Data,No Data,No Data,No Data,No Data,No Data,No Data,No Data,No Data,No Data,No Data,No Data,No Data,No Data,No Data
OW,No Data,2.0,No Data,No Data,2.0,No Data,No Data,1.0,1.0,1.0,No Data,No Data,No Data,1.0,No Data,42,2.0,8.0,6,17.0,8,7,28,13.0,21.0,14.0,37,15,6.0,6,9,13,11.0,5.0,6,No Data,No Data,10,5,11,10,No Data,1,4,9.0,20,16.0,39.0,22.0,31,14.0,16,13.0,17,20.0,16,4,15,7,47,6,21.0,42.0,12.0,51,51,45.0,16,32,31,33,34.0,37,11,9,35.0,25.0,No Data,No Data,No Data,No Data,No Data,No Data,No Data,No Data,No Data,No Data,No Data,No Data,16,11,18,33,39,23.0,15.0,71,25.0,62,40,45,51.0,34.0,34,16,21.0,26,39.0,14,24,32,27.0,25,20.0,19.0,26,141.0,22.0,55.0,23,57,14,26.0,259.0,51,27.0,38,44,33,93,40,26,52,47.0,51.0,28,112,59,13.0,12,24,26,23,27.0,No Data,No Data,No Data,34,164,118.0,123.0,51.0,162.0,No Data,431,221,80,302,220.0,136,No Data,6.0,88,145.0,165.0,219,No Data,No Data,No Data,No Data,No Data,No Data,209,109,135.0,127,110,93.0,122,153,212,142.0,161,133,127,91.0,111,134,150,545.0,281,148.0,126,141,No Data,No Data,No Data,No Data,137,175,141.0,350.0,212,159.0,201,252.0,144,199,219,212,229,149.0,82.0,120.0,149.0,249,90.0,83.0,89,79.0,85,78,61,77,67,68,66,93,74,76,94.0,136,129,126,124,92,88.0,164,156,111,No Data,No Data,No Data,79.0,No Data,No Data,No Data,No Data,No Data,No Data,No Data,No Data,No Data,No Data,No Data,No Data,No Data,No Data,No Data,No Data
SG,4.0,4.0,No Data,5.0,2.0,8.0,2.0,5.0,6.0,1.0,3.0,4.0,6.0,10.0,10.0,41,16.0,62.0,33,37.0,79,48,65,58.0,62.0,71.0,125,55,62.0,94,91,104,97.0,43.0,93,No Data,No Data,66,84,99,133,No Data,118,111,141.0,76,95.0,53.0,113.0,120,159.0,242,91.0,122,83.0,102,97,74,95,121,87,75.0,110.0,84.0,91,112,116.0,82,78,110,81,129.0,293,153,146,148.0,129.0,No Data,No Data,No Data,No Data,No Data,No Data,No Data,No Data,No Data,No Data,No Data,No Data,125,173,124,122,99,166.0,102.0,188,100.0,118,109,2617,85.0,92.0,155,175,188.0,222,127.0,90,150,168,73.0,107,119.0,175.0,144,128.0,168.0,132.0,204,118,180,186.0,133.0,147,105.0,92,343,128,147,135,185,76,48.0,60.0,91,157,74,106.0,99,85,91,36,108.0,No Data,No Data,No Data,101,104,65.0,117.0,85.0,102.0,No Data,80,96,85,61,91.0,56,No Data,3.0,87,119.0,68.0,99,No Data,No Data,No Data,No Data,No Data,No Data,73,90,138.0,118,108,119.0,154,161,98,101.0,87,73,79,84.0,126,141,94,110.0,67,51.0,92,125,No Data,No Data,No Data,No Data,198,262,309.0,103.0,90,67.0,76,54.0,80,59,92,71,91,68.0,76.0,102.0,73.0,71,95.0,105.0,137,98.0,137,85,84,80,89,102,133,197,96,148,105.0,134,117,143,87,98,106.0,94,127,159,No Data,No Data,No Data,114.0,No Data,No Data,No Data,No Data,No Data,No Data,No Data,No Data,No Data,No Data,No Data,No Data,No Data,No Data,No Data,No Data
SH,1.0,No Data,No Data,No Data,No Data,No Data,2.0,No Data,No Data,No Data,No Data,No Data,No Data,No Data,2.0,22,No Data,18.0,11,13.0,20,7,1,3.0,2.0,12.0,17,8,6.0,3,8,13,25.0,4.0,19,No Data,No Data,6,7,10,18,No Data,19,28,6.0,9,9.0,3.0,6.0,11,1.0,17,23.0,8,5.0,1,2,10,6,8,23,63.0,6.0,4.0,31,12,30.0,11,25,7,6,7.0,8,6,8,3.0,24.0,No Data,No Data,No Data,No Data,No Data,No Data,No Data,No Data,No Data,No Data,No Data,No Data,17,9,13,26,12,11.0,7.0,18,11.0,7,6,1202,8.0,2.0,13,12,7.0,14,7.0,15,7,11,7.0,17,31.0,13.0,19,3.0,11.0,18.0,10,10,9,28.0,24.0,12,6.0,11,10,12,10,8,21,17,14.0,22.0,33,12,15,12.0,9,18,7,12,6.0,No Data,No Data,No Data,9,2,4.0,3.0,2.0,1.0,No Data,7,20,14,5,22.0,11,No Data,5.0,10,11.0,3.0,5,No Data,No Data,No Data,No Data,No Data,No Data,3,5,9.0,10,68,14.0,4,9,5,8.0,6,37,7,16.0,19,50,19,23.0,26,10.0,9,20,No Data,No Data,No Data,No Data,11,21,9.0,31.0,6,25.0,16,8.0,11,21,15,14,15,4.0,5.0,7.0,18.0,3,17.0,11.0,7,9.0,14,13,7,13,11,7,8,7,44,93,40.0,69,63,16,65,24,27.0,32,42,30,No Data,No Data,No Data,20.0,No Data,No Data,No Data,No Data,No Data,No Data,No Data,No Data,No Data,No Data,No Data,No Data,No Data,No Data,No Data,No Data
SO,2.0,4.0,No Data,3.0,1.0,No Data,1.0,2.0,6.0,3.0,1.0,1.0,1.0,No Data,4.0,35,2.0,37.0,27,26.0,9,40,65,53.0,38.0,53.0,48,31,30.0,47,35,52,40.0,11.0,59,No Data,No Data,77,74,42,80,No Data,74,30,60.0,70,53.0,21.0,41.0,35,68.0,66,51.0,66,54.0,41,28,23,49,51,22,37.0,48.0,32.0,23,37,48.0,45,66,60,81,71.0,27,76,61,59.0,75.0,No Data,No Data,No Data,No Data,No Data,No Data,No Data,No Data,No Data,No Data,No Data,No Data,30,37,32,26,25,28.0,23.0,66,35.0,27,38,1292,116.0,27.0,34,39,30.0,49,64.0,68,49,75,74.0,39,34.0,61.0,35,26.0,30.0,27.0,263,57,63,64.0,53.0,63,126.0,56,54,49,31,90,76,55,37.0,157.0,52,49,40,83.0,81,34,103,130,145.0,No Data,No Data,No Data,35,29,33.0,39.0,26.0,24.0,No Data,29,25,84,20,23.0,40,No Data,6.0,36,19.0,46.0,45,No Data,No Data,No Data,No Data,No Data,No Data,84,85,50.0,33,47,38.0,59,43,38,40.0,165,41,53,43.0,67,41,48,63.0,29,43.0,54,38,No Data,No Data,No Data,No Data,21,49,36.0,53.0,44,79.0,46,36.0,50,87,73,73,92,68.0,38.0,217.0,418.0,26,30.0,44.0,41,43.0,49,31,40,69,47,73,37,60,38,52,66.0,48,85,73,57,97,86.0,62,45,61,No Data,No Data,No Data,32.0,No Data,No Data,No Data,No Data,No Data,No Data,No Data,No Data,No Data,No Data,No Data,No Data,No Data,No Data,No Data,No Data
SZ,2.0,1.0,2.0,4.0,No Data,1.0,No Data,1.0,1.0,4.0,2.0,2.0,3.0,1.0,1.0,22,4.0,8.0,17,45.0,16,27,13,24.0,21.0,26.0,22,11,20.0,20,21,19,42.0,8.0,25,1.0,No Data,19,51,25,15,No Data,33,36,27.0,23,20.0,16.0,31.0,22,20.0,18,59.0,24,18.0,23,24,16,18,13,25,21.0,32.0,7.0,23,15,28.0,26,13,14,29,55.0,257,35,29,34.0,15.0,No Data,No Data,No Data,No Data,No Data,No Data,No Data,No Data,No Data,No Data,No Data,No Data,31,24,14,35,33,27.0,30.0,13,38.0,26,44,670,23.0,11.0,20,15,27.0,20,50.0,33,37,16,18.0,19,19.0,12.0,9,9.0,9.0,15.0,40,25,18,40.0,17.0,21,34.0,22,19,35,13,22,35,48,14.0,36.0,27,28,33,14.0,27,28,25,22,12.0,No Data,No Data,No Data,39,21,9.0,11.0,15.0,18.0,No Data,8,16,21,34,45.0,20,No Data,1.0,20,30.0,50.0,18,No Data,No Data,No Data,No Data,No Data,No Data,11,7,12.0,21,34,20.0,31,27,19,17.0,19,33,30,69.0,62,80,77,34.0,57,4.0,28,21,No Data,No Data,No Data,No Data,19,51,23.0,66.0,21,12.0,33,18.0,17,27,14,25,27,19.0,23.0,13.0,31.0,24,25.0,24.0,35,76.0,35,23,25,17,32,29,28,31,38,25,48.0,52,42,58,42,38,36.0,35,36,48,No Data,No Data,No Data,37.0,No Data,No Data,No Data,No Data,No Data,No Data,No Data,No Data,No Data,No Data,No Data,No Data,No Data,No Data,No Data,No Data
TG,1.0,No Data,1.0,2.0,1.0,No Data,No Data,1.0,No Data,No Data,1.0,1.0,No Data,1.0,1.0,27,5.0,31.0,15,17.0,38,28,18,21.0,17.0,22.0,51,27,16.0,11,32,29,26.0,26.0,42,No Data,No Data,29,48,57,50,No Data,58,113,102.0,48,65.0,10.0,119.0,41,65.0,77,40.0,102,54.0,40,38,39,32,63,37,30.0,50.0,19.0,20,24,59.0,74,206,19,20,247.0,192,216,72,28.0,39.0,No Data,No Data,No Data,No Data,No Data,No Data,No Data,No Data,No Data,No Data,No Data,No Data,50,70,214,41,14,28.0,24.0,21,16.0,104,99,658,29.0,13.0,65,13,55.0,46,61.0,42,23,32,34.0,15,23.0,25.0,39,23.0,40.0,37.0,40,32,20,20.0,25.0,40,29.0,26,62,24,75,55,133,184,127.0,234.0,345,160,189,208.0,17,72,40,41,45.0,No Data,No Data,No Data,40,141,37.0,42.0,75.0,375.0,No Data,293,264,318,53,123.0,112,No Data,3.0,11,30.0,22.0,30,No Data,No Data,No Data,No Data,No Data,No Data,506,112,67.0,410,55,29.0,28,60,31,47.0,18,84,24,18.0,21,19,19,55.0,61,29.0,29,33,No Data,No Data,No Data,No Data,25,18,42.0,49.0,14,37.0,17,15.0,8,10,8,15,13,40.0,12.0,31.0,18.0,16,23.0,35.0,20,22.0,67,15,27,57,215,43,152,44,25,58,28.0,37,42,48,82,74,62.0,75,74,36,No Data,No Data,No Data,16.0,No Data,No Data,No Data,No Data,No Data,No Data,No Data,No Data,No Data,No Data,No Data,No Data,No Data,No Data,No Data,No Data
TI,3.0,2.0,13.0,No Data,13.0,7.0,6.0,9.0,7.0,3.0,3.0,4.0,4.0,6.0,3.0,234,10.0,238.0,271,409.0,256,250,226,251.0,233.0,240.0,221,250,241.0,231,272,260,363.0,74.0,183,3.0,No Data,171,160,231,189,1.0,340,301,287.0,285,270.0,122.0,401.0,275,231.0,277,244.0,385,266.0,222,231,170,192,218,219,229.0,299.0,211.0,136,136,108.0,91,85,174,154,407.0,169,192,178,219.0,155.0,No Data,No Data,No Data,No Data,No Data,No Data,No Data,No Data,No Data,No Data,No Data,No Data,125,120,134,130,114,206.0,111.0,111,117.0,139,116,121,100.0,79.0,87,109,177.0,193,118.0,151,132,118,199.0,111,78.0,172.0,96,114.0,167.0,188.0,163,90,132,166.0,155.0,135,123.0,163,121,125,174,306,130,137,382.0,867.0,288,467,380,141.0,137,157,151,99,105.0,No Data,No Data,No Data,82,112,189.0,189.0,66.0,287.0,No Data,103,99,75,82,65.0,102,No Data,3.0,80,63.0,92.0,72,No Data,No Data,No Data,No Data,No Data,No Data,101,107,115.0,150,117,146.0,107,96,134,110.0,140,155,106,111.0,148,161,117,105.0,116,102.0,194,201,No Data,No Data,No Data,No Data,148,200,103.0,220.0,103,130.0,95,99.0,173,144,157,125,137,110.0,174.0,182.0,112.0,88,181.0,91.0,163,141.0,167,123,145,138,183,104,138,113,147,227,188.0,144,169,145,204,189,155.0,201,183,192,No Data,No Data,No Data,148.0,No Data,No Data,No Data,No Data,No Data,No Data,No Data,No Data,No Data,No Data,No Data,No Data,No Data,No Data,No Data,No Data
UR,No Data,No Data,No Data,2.0,No Data,No Data,1.0,7.0,No Data,No Data,No Data,No Data,No Data,No Data,No Data,1,No Data,No Data,10,18.0,5,2,3,9.0,11.0,5.0,7,13,8.0,8,12,14,14.0,1.0,4,No Data,No Data,8,19,6,12,No Data,4,14,3.0,2,1.0,1.0,4.0,3,9.0,6,4.0,5,10.0,5,5,2,2,5,2,11.0,7.0,17.0,14,12,4.0,23,8,5,5,9.0,3,6,8,19.0,8.0,No Data,No Data,No Data,No Data,No Data,No Data,No Data,No Data,No Data,No Data,No Data,No Data,11,5,3,4,9,2.0,8.0,4,2.0,15,2,282,7.0,8.0,5,10,5.0,19,3.0,10,7,5,7.0,7,14.0,5.0,15,5.0,3.0,6.0,5,6,3,1.0,12.0,6,9.0,16,27,16,15,24,5,38,19.0,5.0,23,20,7,5.0,5,32,22,20,4.0,No Data,No Data,No Data,8,9,3.0,120.0,6.0,5.0,No Data,10,29,3,5,3.0,5,No Data,1.0,6,5.0,3.0,3,No Data,No Data,No Data,No Data,No Data,No Data,3,2,No Data,6,2,3.0,3,17,7,8.0,11,3,2,7.0,19,18,6,14.0,10,15.0,17,5,No Data,No Data,No Data,No Data,7,3,5.0,7.0,4,2.0,4,3.0,8,8,3,6,2,6.0,15.0,11.0,14.0,15,16.0,4.0,7,38.0,9,7,2,4,7,13,5,4,3,24,35.0,7,12,9,6,30,13.0,21,9,22,No Data,No Data,No Data,7.0,No Data,No Data,No Data,No Data,No Data,No Data,No Data,No Data,No Data,No Data,No Data,No Data,No Data,No Data,No Data,No Data
VD,35.0,25.0,26.0,18.0,32.0,15.0,26.0,11.0,47.0,27.0,54.0,40.0,37.0,39.0,26.0,384,45.0,289.0,226,239.0,262,247,273,254.0,399.0,482.0,438,364,355.0,261,436,568,390.0,113.0,516,1.0,1.0,795,629,443,514,No Data,778,706,769.0,630,626.0,277.0,586.0,354,456.0,549,448.0,487,611.0,509,591,457,408,493,511,524.0,755.0,598.0,376,774,704.0,686,723,741,672,669.0,593,522,677,788.0,741.0,No Data,No Data,No Data,No Data,No Data,No Data,No Data,No Data,No Data,No Data,No Data,No Data,488,502,521,392,567,983.0,525.0,665,506.0,789,583,2409,653.0,394.0,452,445,560.0,626,468.0,527,581,564,492.0,756,623.0,475.0,926,447.0,469.0,692.0,455,520,725,563.0,403.0,584,649.0,820,632,555,512,577,768,590,462.0,374.0,518,519,501,565.0,587,541,575,490,406.0,No Data,No Data,No Data,628,749,498.0,481.0,454.0,474.0,No Data,289,440,321,479,785.0,399,No Data,21.0,430,410.0,427.0,270,No Data,No Data,No Data,No Data,No Data,No Data,410,419,411.0,398,446,451.0,397,339,467,302.0,429,360,423,417.0,312,455,366,525.0,653,547.0,686,362,No Data,No Data,No Data,No Data,1397,571,418.0,474.0,440,788.0,369,386.0,300,296,319,333,338,292.0,311.0,359.0,352.0,393,325.0,355.0,334,346.0,415,371,462,403,447,414,389,367,471,525,505.0,532,547,681,465,481,488.0,349,417,373,No Data,No Data,No Data,451.0,No Data,No Data,No Data,No Data,No Data,No Data,No Data,No Data,No Data,No Data,No Data,No Data,No Data,No Data,No Data,No Data
VS,9.0,5.0,7.0,11.0,8.0,16.0,11.0,9.0,10.0,13.0,7.0,11.0,9.0,17.0,17.0,198,11.0,145.0,182,174.0,145,156,195,165.0,240.0,211.0,236,244,206.0,183,244,265,277.0,52.0,253,No Data,No Data,174,210,209,165,2.0,236,227,163.0,218,150.0,94.0,218.0,265,356.0,437,369.0,291,287.0,327,224,258,277,270,308,253.0,267.0,310.0,371,450,337.0,249,224,226,171,256.0,191,350,341,135.0,201.0,No Data,No Data,No Data,No Data,No Data,No Data,No Data,No Data,No Data,No Data,No Data,No Data,114,59,108,182,171,143.0,169.0,123,112.0,213,236,1433,259.0,359.0,394,305,197.0,257,322.0,214,263,335,294.0,270,245.0,416.0,330,657.0,428.0,362.0,225,176,247,298.0,202.0,108,174.0,179,262,319,266,291,352,296,316.0,335.0,481,297,396,345.0,340,238,279,195,254.0,No Data,No Data,No Data,209,223,176.0,234.0,201.0,222.0,No Data,296,406,250,200,264.0,294,No Data,32.0,265,292.0,342.0,323,No Data,No Data,No Data,No Data,No Data,No Data,254,298,200.0,343,327,236.0,248,257,268,252.0,293,340,288,397.0,354,252,343,306.0,348,251.0,262,222,No Data,No Data,No Data,No Data,371,245,284.0,245.0,336,274.0,229,292.0,249,313,296,292,310,265.0,317.0,434.0,342.0,387,330.0,306.0,271,387.0,260,264,214,349,332,233,239,260,236,237,260.0,301,313,293,297,344,411.0,389,477,455,No Data,No Data,No Data,241.0,No Data,No Data,No Data,No Data,No Data,No Data,No Data,No Data,No Data,No Data,No Data,No Data,No Data,No Data,No Data,No Data
ZG,3.0,2.0,1.0,No Data,1.0,1.0,3.0,2.0,2.0,1.0,3.0,5.0,1.0,1.0,2.0,19,11.0,42.0,27,29.0,19,34,16,25.0,24.0,50.0,18,21,19.0,10,43,39,13.0,7.0,36,No Data,No Data,45,19,68,22,No Data,29,55,20.0,26,42.0,17.0,30.0,27,9.0,22,55.0,26,46.0,20,40,34,57,45,32,24.0,48.0,40.0,14,29,60.0,20,58,30,66,57.0,31,37,78,32.0,30.0,No Data,No Data,No Data,No Data,No Data,No Data,No Data,No Data,No Data,No Data,No Data,No Data,13,17,39,34,12,18.0,48.0,29,27.0,77,27,29,39.0,62.0,34,45,61.0,58,47.0,44,35,277,49.0,52,60.0,57.0,58,83.0,70.0,78.0,51,45,41,30.0,105.0,71,78.0,79,62,34,51,41,75,43,25.0,34.0,34,43,68,28.0,61,27,33,16,50.0,No Data,No Data,No Data,26,26,29.0,36.0,59.0,31.0,No Data,28,21,31,28,20.0,24,No Data,1.0,29,26.0,27.0,38,No Data,No Data,No Data,No Data,No Data,No Data,63,29,44.0,23,137,35.0,89,50,84,53.0,20,21,12,20.0,18,58,66,20.0,43,61.0,39,65,No Data,No Data,No Data,No Data,47,35,52.0,41.0,47,63.0,46,51.0,29,32,27,42,54,28.0,84.0,79.0,52.0,88,66.0,112.0,86,78.0,106,65,63,73,53,59,58,99,69,88,123.0,94,109,80,38,29,67.0,30,82,96,No Data,No Data,No Data,108.0,No Data,No Data,No Data,No Data,No Data,No Data,No Data,No Data,No Data,No Data,No Data,No Data,No Data,No Data,No Data,No Data
ZH,35.0,47.0,45.0,62.0,57.0,74.0,53.0,50.0,82.0,41.0,64.0,56.0,58.0,60.0,62.0,792,65.0,722.0,686,777.0,571,909,778,638.0,593.0,591.0,647,768,724.0,492,822,897,1029.0,248.0,885,2.0,2.0,732,669,705,711,3.0,927,885,846.0,830,682.0,410.0,794.0,660,824.0,681,875.0,871,931.0,917,917,745,680,719,1110,972.0,877.0,518.0,560,686,897.0,654,750,644,518,935.0,1033,684,1013,943.0,893.0,No Data,No Data,No Data,No Data,No Data,No Data,No Data,No Data,No Data,No Data,No Data,No Data,744,901,812,728,712,910.0,899.0,740,777.0,1292,760,2158,888.0,650.0,841,775,768.0,801,858.0,819,725,812,907.0,900,858.0,1002.0,1060,1058.0,832.0,800.0,897,846,903,785.0,770.0,1347,952.0,1105,969,1053,983,1304,1208,1042,1238.0,1600.0,1128,1061,979,794.0,903,700,805,834,858.0,No Data,No Data,No Data,922,588,679.0,679.0,784.0,789.0,No Data,628,939,862,782,708.0,811,No Data,59.0,1110,1208.0,1210.0,751,No Data,No Data,No Data,No Data,No Data,No Data,1177,839,847.0,826,905,803.0,1087,925,782,1031.0,849,946,941,959.0,849,800,973,745.0,1188,1000.0,905,974,No Data,No Data,No Data,No Data,1058,979,1070.0,1063.0,922,757.0,818,1014.0,863,681,795,858,956,774.0,753.0,800.0,786.0,868,739.0,954.0,883,806.0,859,775,665,845,788,801,956,952,664,918,1380.0,964,880,950,884,834,910.0,1010,917,1043,No Data,No Data,No Data,845.0,No Data,No Data,No Data,No Data,No Data,No Data,No Data,No Data,No Data,No Data,No Data,No Data,No Data,No Data,No Data,No Data
